"WORD","kind"
"不可思議","1"
"不平","0"
"不⽢","0"
"不安","0"
"不利","0"
"不⾜","0"
"不定","0"
"不宜","0"
"不幸","0"
"不拘⼩節","1"
"不服","0"
"不知所措","0"
"不便","0"
"不耐","0"
"不耐煩","0"
"不准","0"
"不屑","0"
"不悅","0"
"不爽","0"
"不祥","0"
"不符","0"
"不順","0"
"不當","0"
"不解","0"
"不滿","0"
"不適","0"
"正","1"
"多餘","0"
"好","1"
"否定","0"
"否認","0"
"⾜夠","1"
"肯定","1"
"哇","1"
"哎呀","1"
"恰好","1"
"耶","1"
"單獨","0"
"無⼒","0"
"無⾜輕重","0"
"無情","0"
"無理","0"
"無暇","0"
"無趣","0"
"無禮","0"
"想","1"
"過分","0"
"對","1"
"認真","1"
"嘻","1"
"嘻嘻","1"
"隨便","0"
"隨意","1"
"豐富","1"
"願意","1"
"⼩⼼","1"
"分享","1"
"⽀持","1"
"⽀撐","1"
"付出","1"
"失去","0"
"失敗","0"
"打","0"
"同意","1"
"成功","1"
"死","0"
"吸引","1"
"希望","1"
"忘記","0"
"協助","1"
"抱","1"
"玩","1"
"信任","1"
"相信","1"
"討厭","0"
"貢獻","1"
"逃避","0"
"喜愛","1"
"喜歡","1"
"喪失","0"
"期望","1"
"答應","1"
"幹","0"
"愛","1"
"愛好","1"
"感謝","1"
"損失","0"
"經歷","1"
"遇到","1"
"遊戲","1"
"⿎勵","1"
"適合","1"
"擔⼼","0"
"輸","0"
"錯過","0"
"幫忙","1"
"幫助","1"
"應付","0"
"謝謝","1"
"懷念","1"
"關⼼","1"
"關懷","1"
"贏","1"
"贏得","1"
"下流","0"
"王八蛋","0"
"他媽的","0"
"⽩⽬","0"
"⽩癡","0"
"呸","0"
"垃圾","0"
"怪胎","0"
"放屁","0"
"狗屁","0"
"淫婦","0"
"混蛋","0"
"笨蛋","0"
"媽的","0"
"愚蠢","0"
"該死","0"
"賤","0"
"賤⼈","0"
"賤貨","0"
"操","0"
"蕩婦","0"
"蹩腳","0"
"壞蛋","0"
"爛貨","0"
"⽩痴","0"
"八卦","0"
"仇⼈","0"
"仇恨","0"
"仇敵","0"
"分擔","1"
"友","1"
"反駁","0"
"打岔","0"
"打架","0"
"打斷","0"
"交往","1"
"同情","1"
"安⼼","1"
"伴侶","1"
"忌妒","0"
"批評","0"
"抗議","0"
"取笑","0"
"坦⽩","1"
"奉承","0"
"奉獻","1"
"抱怨","0"
"拒絕","0"
"放⼼","1"
"朋友","1"
"爭吵","0"
"爭論","0"
"知⼰","1"
"侮辱","0"
"信服","1"
"信賴","1"
"冒犯","0"
"怨恨","0"
"指責","0"
"原諒","1"
"辱罵","0"
"⾾爭","0"
"情⼈","1"
"甜⼼","1"
"責備","0"
"逗弄","1"
"插嘴","0"
"款待","1"
"詛咒","0"
"開玩笑","1"
"閒話","0"
"愛⼈","1"
"愛戀","1"
"隔離","0"
"嘉獎","1"
"稱讚","1"
"說服","1"
"說長道短","0"
"駁斥","0"
"嘲弄","0"
"嘲笑","0"
"嘲罵","0"
"嘲諷","0"
"寬恕","1"
"慶典","1"
"慶祝","1"
"憐憫","1"
"摯友","1"
"敵⼈","0"
"樂意","1"
"熱愛","1"
"調情","1"
"諂媚","0"
"親切","1"
"親愛","1"
"親愛的","1"
"幫⼿","1"
"戲弄","0"
"鍾愛","1"
"歸咎","0"
"離婚","0"
"懷疑","0"
"譏","0"
"寶⾙","1"
"饒恕","1"
"譴責","0"
"歡迎","1"
"歡送","1"
"歡聚","1"
"戀⼈","1"
"戀愛","1"
"讚美","1"
"讚揚","1"
"讚譽","1"
"ㄏㄏ","1"
"⼀無所有","0"
"七竅⽣煙","0"
"了不起","1"
"⼈⼼惶惶","0"
"上級","1"
"上當","0"
"下定決⼼","1"
"⼝吃","0"
"⼤⽅","1"
"⼤笑","1"
"⼤膽","1"
"⼩氣","0"
"⼩偷","0"
"才能","1"
"才智","1"
"不仁","0"
"不貞","0"
"不顧⼀切","1"
"中斷","1"
"仁⼼","1"
"仁術","1"
"仁愛","1"
"仁慈","1"
"仁義","1"
"仇","0"
"仇殺","0"
"仇視","0"
"元兇","0"
"內疚","0"
"公憤","0"
"凶","0"
"分⼼","0"
"分⼿","0"
"分歧","0"
"分紅","1"
"分散","0"
"分裂","0"
"勾引","0"
"厄運","0"
"及時","1"
"反抗","0"
"反叛","0"
"反派","0"
"反感","0"
"反對","0"
"天才","1"
"天堂","1"
"天資","1"
"天賦","1"
"幻想","1"
"引⼈注⽬","1"
"引誘","0"
"⼼灰意冷","0"
"⼼神不定","0"
"⼼神不寧","0"
"⼼情","1"
"⼼痛","0"
"⼼愛","1"
"⼼煩意亂","0"
"⼼碎","0"
"⼼酸","0"
"⽀配","1"
"⽋債","0"
"⽑骨悚然","0"
"火熱","1"
"世仇","0"
"乏味","0"
"仔細","1"
"充沛","1"
"出⾊","1"
"功勞","1"
"古怪","0"
"可⼝","1"
"可怕","0"
"可恥","0"
"可笑","0"
"可悲","0"
"可惡","0"
"可愛","1"
"可鄙","0"
"可憎","0"
"可憐","0"
"可靠","1"
"外向","1"
"外⾏","0"
"外傷","0"
"失眠","0"
"失控","0"
"失望","0"
"失誤","0"
"平安","1"
"平和","1"
"平庸","1"
"平靜","1"
"平穩","1"
"打仗","0"
"打倒","0"
"打破","0"
"打情罵俏","1"
"打敗","1"
"打擊","0"
"打擾","0"
"打攪","0"
"末⽇","0"
"正⾯","1"
"⽣命⼒","1"
"⽣氣","1"
"⽣氣勃勃","1"
"⽣病","0"
"⽣動","1"
"⽣疏","0"
"⽣厭","0"
"⽤⼒","1"
"⽬瞪⼝呆","1"
"⽭盾","0"
"丟⼈","0"
"丟⼈現眼","0"
"丟下","0"
"丟棄","0"
"丟臉","0"
"交戰","0"
"任性","0"
"兇","0"
"光亮","1"
"光榮","1"
"光輝","1"
"劣","0"
"危","0"
"吃醋","0"
"吃驚","0"
"合宜","1"
"回春","1"
"多情","0"
"多疑","0"
"好玩","1"
"好笑","1"
"好處","1"
"好棒","1"
"好運","1"
"妄想","0"
"安全","1"
"安逸","1"
"安寧","1"
"安靜","1"
"安穩","1"
"成⾒","0"
"成就","1"
"收穫","1"
"曲解","0"
"有⼒","1"
"有⽤","1"
"有利","1"
"有助","1"
"有害","0"
"有效","1"
"有益","1"
"有趣","1"
"有錢","1"
"次要","1"
"次等","0"
"死⼈","0"
"死亡","0"
"死不","0"
"死⼼","0"
"死刑","0"
"死氣","0"
"死期","0"
"死當","0"
"死路","0"
"死對頭","0"
"污穢","0"
"灰⼼","0"
"百感交集","0"
"⾃⼤","0"
"⾃⽢墮落","0"
"⾃由","1"
"⾃在","1"
"⾃私","0"
"⾃卑","0"
"⾃信","1"
"⾃負","1"
"⾃責","0"
"⾃尊","1"
"⾃豪","1"
"⾃鳴得意","0"
"⾃暴⾃棄","0"
"⾄⾼無上","1"
"⾄善","1"
"⾊情","0"
"伶俐","1"
"低沉","1"
"低能","0"
"低能兒","0"
"低迷","0"
"低落","0"
"佔便宜","0"
"作嘔","0"
"作弊","0"
"克制","1"
"免費","1"
"冷","0"
"冷淡","0"
"冷酷","0"
"冷靜","1"
"利⼰","1"
"利益","1"
"利潤","1"
"吝嗇","0"
"含糊","0"
"吹⽑求疵","0"
"吻","1"
"呆","0"
"困","0"
"坎坷","0"
"壯闊","1"
"壯麗","1"
"壯觀","1"
"妓女","0"
"妨害","0"
"妨礙","0"
"孝","1"
"孝順","1"
"孝敬","1"
"完美","1"
"完備","1"
"完善","1"
"宏⼤","1"
"宏偉","1"
"屁眼","0"
"岔開","0"
"巫婆","0"
"庇護","1"
"弄痛","0"
"弄壞","0"
"忍","0"
"忐忑","0"
"忘恩負義","0"
"快樂","1"
"扭曲","0"
"扶持","1"
"批判","0"
"把握","1"
"抑制","1"
"抑鬱","0"
"投入","1"
"抗爭","0"
"折磨","0"
"改善","1"
"改進","1"
"攻勢","1"
"攻擊","0"
"決⼼","1"
"決定","1"
"沉重","0"
"沉迷","0"
"沉著","1"
"災","0"
"牢騷","0"
"狂怒","0"
"狂笑","1"
"狂喜","1"
"狂暴","0"
"狂熱","1"
"狂躁","0"
"私⽣⼦","0"
"肝腸⼨斷","0"
"良","1"
"走運","1"
"辛酸","0"
"邪惡","0"
"享受","1"
"佳","1"
"使勁","1"
"依戀","1"
"典範","1"
"刺眼","0"
"刺痛","0"
"刺傷","0"
"刺激","0"
"刻薄","0"
"卑劣","0"
"卑鄙","0"
"受不了","0"
"受苦","0"
"受虐","0"
"受害","0"
"受惠","1"
"受傷","0"
"受罪","0"
"受騙","0"
"周到","1"
"呵呵","1"
"呼天搶地","0"
"命運","1"
"咆嘯","0"
"和平","1"
"和善","1"
"和煦","1"
"和睦","1"
"和諧","1"
"和藹","1"
"咒罵","0"
"固執","0"
"坦率","1"
"坦誠","1"
"奇怪","0"
"奇特","1"
"孤","0"
"宜⼈","1"
"幸運","1"
"幸福","1"
"忠","1"
"忠⼼","1"
"忠孝","1"
"忠誠","1"
"忠實","1"
"忽略","0"
"忽視","0"
"怕","0"
"怕⽣","0"
"怕羞","0"
"怡⼈","1"
"性情","1"
"性騷擾","0"
"怪","0"
"怪異","0"
"怪誕","0"
"承擔","1"
"承諾","1"
"抨擊","0"
"抱歉","0"
"抵制","0"
"拉緊","1"
"拋棄","0"
"拙劣","0"
"放任","0"
"放棄","0"
"放肆","0"
"放縱","0"
"放鬆","1"
"昂貴","0"
"明亮","1"
"明智","1"
"昏沉","0"
"昏亂","0"
"昏頭","0"
"易怒","0"
"服從","1"
"枉然","0"
"果斷","1"
"欣欣","1"
"欣喜","1"
"欣然","1"
"欣慰","1"
"欣賞","1"
"歧視","0"
"沮喪","0"
"治療","1"
"沾沾⾃喜","1"
"泣","0"
"玩耍","1"
"玩笑","1"
"玩樂","1"
"知⾜","1"
"知識","1"
"空洞","0"
"空虛","0"
"花招","0"
"長處","1"
"非⼈","0"
"非禮","0"
"非難","0"
"侵犯","0"
"侵佔","0"
"侵害","0"
"侵略","0"
"侵擾","0"
"侵襲","0"
"侷促","0"
"俊美","1"
"俗","0"
"俗氣","0"
"保衛","1"
"保證","1"
"保護","1"
"信⼼","1"
"信奉","1"
"信義","1"
"信實","1"
"信譽","1"
"冒險","1"
"冠軍","1"
"勇氣","1"
"勇敢","1"
"勉強","0"
"叛亂","0"
"咬牙切⿒","0"
"咯咯笑","1"
"哀求","0"
"哀怨","0"
"哀淒","0"
"哀痛","0"
"哀傷","0"
"哀愁","0"
"哀號","0"
"哀慟","0"
"品⾏","1"
"品德","1"
"哄騙","0"
"哈","1"
"哈哈","1"
"威脅","0"
"威嚴","1"
"帥","1"
"帥氣","1"
"幽默","1"
"後悔","0"
"怒","0"
"怒不","0"
"怒火","0"
"怒斥","0"
"怒⽬","0"
"怒⾊","0"
"怒吼","0"
"怒氣","0"
"怒視","0"
"怒罵","0"
"思","0"
"思念","0"
"思鄉","0"
"恍惚","0"
"恨","0"
"恬","1"
"恰當","1"
"拮据","0"
"拯救","1"
"拷打","0"
"拷問","0"
"拼命","1"
"挑剔","0"
"挑戰","1"
"挑釁","0"
"挖苦","0"
"柔","1"
"柔軟","1"
"柔順","1"
"柔腸⼨斷","0"
"歪曲","0"
"毒","0"
"洩氣","0"
"活⼒","1"
"活潑","1"
"活躍","1"
"流⾏","1"
"流淚","0"
"炫耀","0"
"為難","0"
"狠⼼","0"
"珍奇","1"
"珍惜","1"
"珍視","1"
"珍貴","1"
"珍愛","1"
"珍藏","1"
"盼望","1"
"看不起","0"
"約束","1"
"美⼈","1"
"美好","1"
"美妙","1"
"美味","1"
"美夢","1"
"美滿","1"
"美德","1"
"美麗","1"
"背叛","0"
"胡扯","0"
"致命","0"
"苛求","0"
"若無其事","0"
"苦","0"
"苦惱","0"
"英俊","1"
"英勇","1"
"英雄","1"
"虐待","0"
"負⼼","0"
"負債","0"
"負擔","0"
"迫害","0"
"重⼤","1"
"重擔","0"
"陌⽣","0"
"降級","0"
"⾯臨","1"
"風險","0"
"⾸要","1"
"⾸創","1"
"倒楣","0"
"倒霉","0"
"倔強","0"
"值得","1"
"值錢","1"
"凌亂","0"
"剝奪","0"
"哭泣","0"
"哭喊","0"
"哭訴","0"
"哭鬧","0"
"哽咽","0"
"唐突","0"
"奚落","0"
"娛樂","1"
"害怕","0"
"害羞","0"
"容光煥發","1"
"容忍","0"
"差","0"
"差勁","0"
"弱","0"
"弱點","0"
"徒勞無功","0"
"恐怖","0"
"恐慌","0"
"恐嚇","0"
"恐懼","0"
"恩典","1"
"恩惠","1"
"恭維","1"
"悔之","0"
"悔改","0"
"悔恨","0"
"悔悟","0"
"悔意","0"
"悔過","0"
"挫折","0"
"挫敗","0"
"振奮","1"
"捐贈","1"
"效率","1"
"時髦","1"
"書呆⼦","0"
"栩栩如⽣","1"
"氣急敗壞","0"
"氣憤","0"
"氣餒","0"
"浪漫","1"
"消沉","0"
"消極","0"
"消滅","0"
"狹⼩","0"
"狹隘","0"
"疲乏","0"
"疲於奔命","0"
"疲倦","0"
"疲弱","0"
"疲累","0"
"疲勞","0"
"疲憊","0"
"疼痛","0"
"疼愛","1"
"益處","1"
"真⼼","1"
"真相","1"
"真理","1"
"真誠","1"
"真實","1"
"破滅","0"
"破壞","0"
"祝賀","1"
"祝福","1"
"神經病","0"
"神經質","0"
"神聖","1"
"笑","1"
"笑死","1"
"笑容","1"
"笑話","1"
"紛爭","0"
"缺少","0"
"缺乏","0"
"缺失","0"
"缺陷","0"
"缺德","0"
"缺憾","0"
"缺點","0"
"能幹","1"
"脅迫","0"
"脆弱","0"
"臭","0"
"臭味","0"
"臭氣","0"
"茫然","0"
"草率","0"
"荒唐","0"
"荒謬","0"
"虔誠","1"
"衰","0"
"衰老","0"
"衰弱","0"
"衰退","0"
"衰敗","0"
"衰微","0"
"衷⼼","1"
"討喜","1"
"迴避","0"
"迷⼈","1"
"迷失","0"
"迷惘","0"
"迷惑","0"
"迷亂","0"
"迷路","0"
"迷戀","0"
"逃離","0"
"逆向","0"
"⾼貴","1"
"⾼階","1"
"⾼雅","1"
"⾼傲","0"
"⾼興","1"
"假裝","0"
"偉⼤","1"
"偏⼼","0"
"偏好","1"
"偏⾒","0"
"偏執","0"
"偏愛","1"
"偷","0"
"偷取","0"
"偷竊","0"
"偽造","0"
"動⼈","1"
"動聽","1"
"啜泣","0"
"執拗","0"
"堅決","1"
"堅定","1"
"堅強","1"
"娼妓","0"
"寂寞","0"
"寂寥","0"
"崇拜","1"
"崇⾼","1"
"強","1"
"強⼒","1"
"強壯","1"
"強姦","0"
"強迫","0"
"強烈","1"
"強健","1"
"強硬","1"
"強暴犯","0"
"得意","1"
"得意洋洋","1"
"得罪","0"
"得體","1"
"徘徊","1"
"從容","1"
"悠閒","1"
"患病","0"
"情緒","1"
"惋惜","0"
"掃興","0"
"排斥","0"
"掙扎","0"
"掛念","1"
"掛慮","1"
"控制","0"
"推崇","1"
"敏捷","1"
"敏感","1"
"敏銳","1"
"救","1"
"敗壞","0"
"欲絕","0"
"殺","0"
"殺死","0"
"淘氣","1"
"淚流滿⾯","0"
"淚珠","0"
"淡漠","0"
"淨⼟","1"
"深思","1"
"深情","1"
"深愛","1"
"混帳","0"
"混亂","0"
"淹沒","0"
"清⽩","1"
"清楚","1"
"爽","1"
"爽⼼","1"
"爽快","1"
"爽約","0"
"爽朗","1"
"牽掛","0"
"猛烈","1"
"猜疑","0"
"理智","1"
"理想","1"
"甜⾔","1"
"甜美","1"
"甜密","1"
"甜甜","1"
"甜蜜","1"
"甜頭","1"
"疏忽","0"
"疏漏","0"
"盛怒","0"
"眼花撩亂","0"
"眼花繚亂","0"
"眼淚","0"
"眾怒","0"
"窒息","0"
"窒礙","0"
"笨","0"
"笨⼿笨腳","0"
"笨拙","0"
"粗⼼","0"
"粗俗","0"
"粗野","0"
"粗暴","0"
"粗魯","0"
"累","0"
"細⼼","1"
"統治","1"
"羞怯","0"
"羞恥","0"
"羞辱","0"
"羞愧","0"
"羞憤","0"
"莊嚴","1"
"處罰","0"
"設防","1"
"許諾","1"
"貧困","0"
"貧苦","0"
"貧病","0"
"貧窮","0"
"貧賤","0"
"貪","0"
"貪⼼","0"
"貪⽣","0"
"貪汙","0"
"貪求","0"
"貪念","0"
"貪婪","0"
"貪圖","0"
"貪慾","0"
"軟弱","0"
"逗趣","1"
"逝世","0"
"造反","0"
"野蠻","0"
"陰沉","0"
"陰森","0"
"陰暗","0"
"陳腐","0"
"陶醉","1"
"⿇⽊","0"
"⿇煩","0"
"凱旋","1"
"創傷","0"
"勝利","1"
"勝過","1"
"博愛","1"
"博學","1"
"善⼼","1"
"善良","1"
"善意","1"
"喜上眉稍","1"
"喜出望外","1"
"喜形於⾊","1"
"喜怒哀樂","1"
"喜怒無常","0"
"喜宴","1"
"喜悅","1"
"喜氣","1"
"喜從天降","1"
"喜新厭舊","0"
"喜極⽽泣","1"
"喜劇","1"
"喜慶","1"
"喝采","1"
"喪⼼","0"
"喪⽣","0"
"喪志","0"
"喪氣","0"
"喪偶","0"
"喪盡","0"
"喪膽","0"
"喪禮","0"
"報仇","0"
"報復","0"
"富有","1"
"富裕","1"
"寒酸","0"
"尊重","1"
"尊貴","1"
"尊敬","1"
"尊榮","1"
"尊嚴","1"
"尋歡作樂","0"
"就緒","1"
"復仇","0"
"悲哀","0"
"悲苦","0"
"悲悽","0"
"悲情","0"
"悲喜","0"
"悲痛","0"
"悲傷","0"
"悲愁","0"
"悲慘","0"
"悲慟","0"
"悲劇","0"
"悲憤","0"
"悲憫","0"
"悲歡","1"
"悲觀","0"
"悶","0"
"悶悶不樂","0"
"惡⼈","0"
"惡化","0"
"惡劣","0"
"惡⾔","0"
"惡性","0"
"惡毒","0"
"惡狠狠","0"
"惡耗","0"
"惡臭","0"
"惡⾾","0"
"惡意","0"
"惡運","0"
"惡夢","0"
"惱","0"
"惶","0"
"愉","1"
"提防","1"
"散漫","0"
"景仰","1"
"智慧","1"
"最好","1"
"最佳","1"
"期盼","1"
"棒","1"
"棘⼿","0"
"欺","0"
"欽佩","1"
"殘忍","0"
"殘酷","0"
"殘暴","0"
"渴求","1"
"渴望","1"
"無⽤","0"
"無助","0"
"無味","0"
"無奈","0"
"無知","0"
"無畏","1"
"無害","1"
"無效","0"
"無益","0"
"無能","0"
"無常","0"
"無望","0"
"無聊","0"
"無辜","0"
"無意義","0"
"無精打采","0"
"無憂無慮","1"
"無關緊要","1"
"無懼","1"
"焦急","0"
"焦慮","0"
"猶疑","0"
"猶豫","0"
"痛","0"
"痛不欲⽣","0"
"痛苦","0"
"痛哭流涕","0"
"發抖","0"
"發牢騷","0"
"發狂","0"
"發怒","0"
"發臭","0"
"發愁","0"
"盜","0"
"結巴","0"
"絕妙","1"
"絕望","0"
"脾氣","1"
"舒服","1"
"舒適","1"
"華麗","1"
"著迷","1"
"虛⼼","1"
"虛弱","0"
"虛榮","0"
"虛榮⼼","0"
"訴苦","0"
"詐騙","0"
"費⼒","0"
"跛","0"
"跛腳","0"
"鈍","0"
"開⼼","1"
"開明","1"
"開朗","1"
"閒散","1"
"陽光","1"
"隆重","1"
"雅緻","1"
"順利","1"
"亂","0"
"傲慢","0"
"傳情","1"
"債務","0"
"傷","0"
"傷⼈","0"
"傷亡","0"
"傷天害理","0"
"傷⼼","0"
"傷害","0"
"傷神","0"
"傷痕","0"
"傷悲","0"
"傷殘","0"
"傷痛","0"
"傷勢","0"
"傷感","0"
"傻","0"
"傻⼦","0"
"傻笑","0"
"勢利","0"
"嗚咽","0"
"嫉","0"
"嫌","0"
"徬徨","0"
"微笑","1"
"微醺","1"
"想念","1"
"惹惱","0"
"愁","0"
"愚笨","0"
"愛⼼","1"
"愛情","1"
"愛慕","1"
"愛護","1"
"感恩","1"
"感情","1"
"感傷","0"
"感激","1"
"愧","0"
"慈祥","1"
"慈善","1"
"慈悲","1"
"慌","0"
"損⼈","0"
"損害","0"
"損傷","0"
"損壞","0"
"搏⾾","0"
"敬畏","1"
"敬重","1"
"敬意","1"
"暖和","1"
"業障","0"
"極好","1"
"極端","0"
"極樂","1"
"毀掉","0"
"毀敗","0"
"毀棄","0"
"毀傷","0"
"毀損","0"
"毀滅","0"
"毀謗","0"
"毀壞","0"
"溫和","1"
"溫柔","1"
"溫情","1"
"溫暖","1"
"溫馨","1"
"滑稽","0"
"煩","0"
"煩⼈","0"
"煩⼼","0"
"煩忙","0"
"煩勞","0"
"煩悶","0"
"煩惱","0"
"煩亂","0"
"煩愁","0"
"煩瑣","0"
"煩擾","0"
"煩雜","0"
"煩躁","0"
"痴狂","0"
"禁⽌","0"
"禁忌","0"
"罪","0"
"罪⼈","0"
"罪⼤惡極","0"
"罪犯","0"
"罪名","0"
"罪⾏","0"
"罪惡","0"
"罪過","0"
"罪孽","0"
"羨慕","1"
"義","1"
"義憤","0"
"萬念俱灰","0"
"萬歲","1"
"落伍","0"
"落空","0"
"解決","1"
"解脫","1"
"詫異","0"
"詭計","0"
"詼諧","1"
"誇⼤","0"
"誠","1"
"誠⼼","1"
"誠實","1"
"賊","0"
"躲避","0"
"遇難","0"
"過失","0"
"過錯","0"
"違⼼","0"
"違犯","0"
"違抗","0"
"違法","0"
"違紀","0"
"違約","0"
"違背","0"
"違規","0"
"頑固","0"
"頑強","1"
"⿎舞","1"
"厭世","0"
"厭食","0"
"厭倦","0"
"厭惡","0"
"厭煩","0"
"嘆","0"
"嘆息","0"
"嘆氣","0"
"嫩","1"
"寧靜","1"
"對抗","0"
"對質","0"
"慘","0"
"慢","0"
"慷慨","1"
"摧毀","0"
"榮幸","1"
"榮耀","1"
"榮譽","1"
"滿⾜","1"
"滿意","1"
"漂亮","1"
"漫不經⼼","0"
"瑣事","0"
"瑣碎","0"
"疑⼼","0"
"疑神","0"
"疑惑","0"
"疑慮","0"
"疑點","0"
"疑難","0"
"疑懼","0"
"瘋","0"
"禍","0"
"福氣","1"
"精⼒","1"
"精⼼","1"
"精美","1"
"精疲⼒盡","0"
"精疲⼒竭","0"
"精彩","1"
"緊張","0"
"緊繃","0"
"腐朽","0"
"腐臭","0"
"腐敗","0"
"腐爛","0"
"認可","1"
"誤","0"
"誤會","0"
"誤解","0"
"說謊","0"
"豪爽","1"
"豪華","1"
"輕快","1"
"輕忽","0"
"輕視","0"
"輕蔑","0"
"輕鬆","1"
"遠離","0"
"鄙","0"
"酷刑","0"
"酷愛","1"
"酸","1"
"酸甜苦辣","1"
"銘印","1"
"骯髒","0"
"⿐酸","0"
"僵化","0"
"僵住","0"
"僵冷","0"
"僵局","0"
"僵持","0"
"僵硬","0"
"劇烈","1"
"嘮叨","0"
"噁","0"
"噁⼼","0"
"墮落","0"
"嫵媚","1"
"嬉笑","1"
"嬌弱","0"
"寬⼤","1"
"寬容","1"
"德⾏","1"
"慶功","1"
"慶⽣","1"
"慶幸","1"
"慶賀","1"
"憂⼼","0"
"憂患","0"
"憂勞","0"
"憂傷","0"
"憂愁","0"
"憂煩","0"
"憂慮","0"
"憂鬱","0"
"憎","0"
"憐惜","1"
"憤","0"
"摯情","1"
"摯愛","1"
"摯誠","1"
"撒謊","0"
"撫育","1"
"敵視","0"
"敵意","0"
"敵對","0"
"暴⼒","0"
"暴怒","0"
"暴躁","0"
"樂","1"
"樂⼦","1"
"樂不","1"
"樂天","1"
"樂在其中","1"
"樂此","1"
"樂⽽","1"
"樂得","1"
"樂善","1"
"樂園","1"
"樂極⽣悲","0"
"樂趣","1"
"樂觀","1"
"歎為觀⽌","1"
"毅然","1"
"潔淨","1"
"熱切","1"
"熱烈","1"
"熱衷","1"
"熱情","1"
"熱望","1"
"熱淚盈眶","1"
"熱鬧","1"
"獎","1"
"獎助","1"
"獎杯","1"
"獎狀","1"
"獎⾦","1"
"獎品","1"
"獎章","1"
"獎牌","1"
"獎賞","1"
"獎學⾦","1"
"獎勵","1"
"確定","1"
"確信","1"
"窮","0"
"窮困","0"
"糊塗","0"
"緩和","1"
"蔑視","0"
"衝突","0"
"衝擊","0"
"調⽪","1"
"調戲","0"
"賤⺠","0"
"賤骨頭","0"
"質疑","0"
"輝煌","1"
"適宜","1"
"適時","1"
"適當","1"
"遭受","0"
"鋌⽽走險","0"
"震怒","0"
"震顫","0"
"震驚","0"
"霉運","0"
"養育","1"
"魄⼒","1"
"魅⼒","1"
"懊悔","0"
"懊惱","0"
"戰火","0"
"戰爭","0"
"戰⾾","0"
"戰勝","1"
"戰亂","0"
"擁抱","1"
"擁護","1"
"擅長","1"
"操⼼","0"
"操守","1"
"操勞","0"
"擔保","1"
"擔憂","0"
"整⿑","1"
"整潔","1"
"機敏","1"
"機警","1"
"機靈","1"
"激怒","0"
"激動","1"
"激情","1"
"激勵","1"
"獨⾃","0"
"獨創","1"
"瘸","0"
"積極","1"
"罹難","0"
"膩","0"
"興旺","1"
"興致","1"
"興趣","1"
"興奮","1"
"融洽","1"
"褫奪","0"
"親","1"
"親吻","1"
"親和","1"
"親密","1"
"諷刺","0"
"諾⾔","1"
"謀殺","0"
"踴躍","1"
"蹂躪","0"
"輸家","0"
"輸掉","0"
"遲到","0"
"遲鈍","0"
"遲疑","0"
"遺棄","0"
"遺憾","0"
"錯","0"
"錯亂","0"
"錯誤","0"
"頭昏","0"
"默哀","0"
"優","1"
"優秀","1"
"優良","1"
"優柔寡斷","0"
"優美","1"
"優勝","1"
"優惠","1"
"優雅","1"
"優勢","1"
"優點","1"
"嚇","0"
"壓⼒","0"
"壓抑","0"
"壓制","0"
"壓迫","0"
"尷尬","0"
"懦","0"
"擊","1"
"擊敗","1"
"濫⽤","0"
"濫情","0"
"燦爛","1"
"獲勝","1"
"獲獎","1"
"瞧不起","0"
"糟","0"
"糟糕","0"
"糟蹋","0"
"繁瑣","0"
"繃緊","0"
"聰明","1"
"膽⼩","0"
"膽怯","0"
"膽量","1"
"膽戰⼼驚","0"
"艱困","0"
"艱辛","0"
"艱苦","0"
"艱深","0"
"艱鉅","0"
"艱險","0"
"艱澀","0"
"艱難","0"
"虧損","0"
"褻瀆","0"
"謝天謝地","1"
"謝意","1"
"醜","0"
"鮮明","1"
"鮮美","1"
"嚮往","1"
"簡潔","1"
"謹慎","1"
"蹧蹋","0"
"鎮定","1"
"鎮靜","1"
"鎮壓","0"
"雜亂","0"
"鬆懈","0"
"壞⼈","0"
"壞⼼","0"
"壞死","0"
"壞事","0"
"壞處","0"
"壞話","0"
"壞運","0"
"寵愛","1"
"懲罰","0"
"懶惰","0"
"懶散","0"
"懷鄉","1"
"爆發","0"
"癡迷","0"
"穩健","1"
"贊同","1"
"辭職","0"
"難吃","0"
"難堪","0"
"難過","0"
"難聞","0"
"難熬","0"
"難題","0"
"願","1"
"騙","0"
"嚴重","0"
"嚴峻","0"
"嚴格","0"
"嚴酷","0"
"嚴厲","0"
"寶貴","1"
"競爭","1"
"耀眼","1"
"觸⽬驚⼼","0"
"觸怒","0"
"觸景傷情","0"
"贏取","1"
"贏錢","1"
"騷動","0"
"騷擾","0"
"懼怕","0"
"爛","0"
"犧牲","0"
"纏⾝","0"
"纏訟","0"
"纏綿","1"
"蠢","0"
"護","1"
"躊躇","0"
"顧慮","0"
"歡天喜地","1"
"歡⼼","1"
"歡呼","1"
"歡欣","1"
"歡笑","1"
"歡喜","1"
"歡愉","1"
"歡樂","1"
"歡聲","1"
"歡歡喜喜","1"
"顫抖","0"
"驕傲","1"
"髒","0"
"攪亂","0"
"變味","0"
"變動","1"
"變質","0"
"驚","1"
"驚⼈","1"
"驚⼼","1"
"驚呆","0"
"驚奇","1"
"驚怕","0"
"驚恐","0"
"驚悚","0"
"驚異","0"
"驚訝","1"
"驚喜","1"
"驚愕","0"
"驚慌","0"
"驚嘆","1"
"驚疑","0"
"驚歎","1"
"驚險","0"
"驚駭","0"
"驚嚇","0"
"驚擾","0"
"體⾯","1"
"體貼","1"
"體會","1"
"體諒","1"
"靈巧","1"
"靈活","1"
"靈敏","1"
"靈感","1"
"齷齪","0"
"讚","1"
"讚不絕⼝","1"
"讚佩","1"
"讚嘆","1"
"讚歎","1"
"讚賞","1"
"鬱","0"
"貪污","0"
"進⾏","1"
"舉⾏","1"
"發展","1"
"參加","1"
"增加","1"
"合作","1"
"接受","1"
"成為","1"
"完成","1"
"獲得","1"
"通過","1"
"特別","1"
"瞭解","1"
"重要","1"
"建設","1"
"管理","1"
"改⾰","1"
"開放","1"
"成長","1"
"正式","1"
"準備","1"
"開發","1"
"說明","1"
"聯合","1"
"經營","1"
"機會","1"
"⽣產","1"
"專家","1"
"努⼒","1"
"注意","1"
"達成","1"
"負責","1"
"資源","1"
"公開","1"
"穩定","1"
"提⾼","1"
"能⼒","1"
"達到","1"
"法律","1"
"重視","1"
"協調","1"
"全⾯","1"
"考慮","1"
"健康","1"
"實際","1"
"全⼒","1"
"擁有","1"
"必要","1"
"經驗","1"
"促進","1"
"藝術","1"
"獨立","1"
"訓練","1"
"提升","1"
"衛⽣","1"
"明顯","1"
"知道","1"
"符合","1"
"堅持","1"
"給予","1"
"正常","1"
"權益","1"
"地位","1"
"很多","1"
"⾳樂","1"
"良好","1"
"承認","1"
"⾼級","1"
"學習","1"
"福利","1"
"⾃然","1"
"通知","1"
"明確","1"
"真正","1"
"確實","1"
"公平","1"
"充分","1"
"得到","1"
"規範","1"
"⼀致","1"
"合理","1"
"⽀援","1"
"主動","1"
"掌握","1"
"紀念","1"
"容易","1"
"領先","1"
"安定","1"
"財產","1"
"合法","1"
"實現","1"
"獲利","1"
"防⽌","1"
"創造","1"
"迅速","1"
"進步","1"
"秩序","1"
"當然","1"
"正確","1"
"推薦","1"
"特⾊","1"
"實在","1"
"澄清","0"
"繁榮","1"
"時機","1"
"解除","1"
"批准","1"
"認同","1"
"完整","1"
"夥伴","1"
"贊成","1"
"期待","1"
"增進","1"
"著名","1"
"表揚","1"
"遵守","1"
"創新","1"
"享有","1"
"平衡","1"
"詳細","1"
"許可","1"
"⽅便","1"
"⾃動","1"
"友好","1"
"合格","1"
"健全","1"
"固定","1"
"學會","1"
"審慎","1"
"實⾏","1"
"信⽤","1"
"傑出","1"
"的確","1"
"義務","1"
"思考","1"
"黃⾦","1"
"促成","1"
"習慣","1"
"毫無","0"
"專⾨","1"
"顯著","1"
"慰問","0"
"清理","1"
"請求","1"
"重要性","1"
"平等","1"
"務實","1"
"正義","1"
"消除","0"
"清除","0"
"休息","1"
"成熟","1"
"理性","1"
"強⼤","1"
"減輕","1"
"⾰命","1"
"法定","1"
"贊助","1"
"明⽩","1"
"可⾏","1"
"公正","1"
"福祉","1"
"克服","1"
"助益","1"
"道德","1"
"圓滿","1"
"適應","1"
"奪得","1"
"⽣效","1"
"期許","1"
"便利","1"
"熟悉","1"
"正當","1"
"履⾏","1"
"凝聚","1"
"⾰新","1"
"友誼","1"
"奮⾾","1"
"⾃主","1"
"巨⼤","1"
"開拓","1"
"過關","1"
"營養","1"
"適度","1"
"罕⾒","1"
"天然","1"
"⾸位","1"
"讓步","1"
"深刻","1"
"得獎","1"
"致意","1"
"名譽","1"
"愛國","1"
"中和","1"
"嚴密","1"
"突出","1"
"理解","1"
"前進","1"
"聲望","1"
"慎重","1"
"熱⼼","1"
"推進","1"
"愉快","1"
"技巧","1"
"允諾","1"
"感動","1"
"良性","1"
"清潔","1"
"便宜","1"
"想像","1"
"蓬勃","1"
"資助","1"
"警覺","1"
"發達","1"
"無罪","1"
"均衡","1"
"分⼯","1"
"精密","1"
"卓越","1"
"充份","1"
"職責","1"
"⾃願","1"
"輔助","1"
"倫理","1"
"互惠","1"
"平息","1"
"及格","1"
"創立","1"
"節約","1"
"財富","1"
"建設性","1"
"互利","1"
"切實","1"
"招待","1"
"效能","1"
"諒解","1"
"開採","1"
"⽣育","1"
"美化","1"
"夢想","1"
"優質","1"
"獨特","1"
"留意","1"
"無疑","1"
"理會","1"
"約定","1"
"締造","1"
"賺錢","1"
"充裕","1"
"通⽤","1"
"合乎","1"
"毫不","0"
"簡易","1"
"絕無","1"
"精緻","1"
"光明","1"
"好事","1"
"注⽬","1"
"免除","1"
"穩固","1"
"保密","1"
"樂⾒","1"
"道理","1"
"改良","1"
"新鮮","1"
"透明","1"
"古典","1"
"趣味","1"
"集資","1"
"專屬","1"
"敬佩","1"
"友善","1"
"⼈性","1"
"合適","1"
"天使","1"
"⼀流","1"
"助長","1"
"嚴謹","1"
"吸引⼒","1"
"優於","1"
"互助","1"
"深切","1"
"好奇","1"
"衛冕","1"
"守法","1"
"充⾜","1"
"嶄新","1"
"不遺餘⼒","1"
"特⼤","1"
"才藝","1"
"誠摯","1"
"準確","1"
"妥當","1"
"加薪","1"
"發覺","1"
"熱忱","1"
"補⾜","1"
"節制","1"
"暢談","1"
"⿎掌","1"
"在意","1"
"精確","1"
"矯正","1"
"聲譽","1"
"無比","1"
"無異議","1"
"去除","1"
"實⽤","1"
"誠懇","1"
"協⼒","1"
"發育","1"
"捐獻","1"
"熱誠","1"
"良⼼","1"
"由衷","1"
"清晰","1"
"奪冠","1"
"合法性","1"
"適任","1"
"樂於","1"
"邏輯","1"
"有名","1"
"可取","1"
"調停","1"
"讚許","1"
"非凡","1"
"奇異","1"
"感⼈","1"
"在乎","1"
"遠⾒","1"
"持久","1"
"正規","1"
"親近","1"
"醫治","1"
"⼈情","1"
"穩定性","1"
"難忘","1"
"端正","1"
"修理","1"
"教養","1"
"洋溢","1"
"啟發","1"
"討好","1"
"廣闊","1"
"禮貌","1"
"負有","1"
"明瞭","1"
"如意","1"
"吉祥","1"
"⾃立","1"
"晴朗","1"
"調劑","1"
"毅⼒","1"
"精選","1"
"親善","1"
"勤奮","1"
"微妙","1"
"奮⼒","1"
"奪魁","1"
"決定性","1"
"詳盡","1"
"風度","1"
"茁壯","1"
"別緻","1"
"特許","1"
"安然","1"
"知性","1"
"求新","1"
"安泰","1"
"褒揚","1"
"無誤","1"
"遙遙領先","1"
"多福","1"
"歡慶","1"
"稀少","1"
"廉潔","1"
"可貴","1"
"熱中","1"
"⾃助","1"
"⾄上","1"
"攻讀","1"
"為榮","1"
"恭喜","1"
"吸引⼈","1"
"正統","1"
"消退","1"
"清明","1"
"才華","1"
"根除","1"
"關愛","1"
"客氣","1"
"狂歡","1"
"同感","1"
"永恆","1"
"不懈","1"
"調和","1"
"謙虛","1"
"奠基","1"
"保釋","0"
"學識","1"
"積極性","1"
"品味","1"
"勝任","1"
"逼真","1"
"細膩","1"
"盡情","1"
"偏袒","0"
"相容","1"
"踏實","1"
"流利","1"
"固守","1"
"致富","1"
"有理","1"
"進取","1"
"智⼒","1"
"解開","1"
"升起","1"
"安樂","1"
"憧憬","1"
"創造⼒","1"
"忠貞","1"
"天真","1"
"不爭","0"
"功德","1"
"好感","1"
"征服","1"
"豁免","1"
"貴族","1"
"善於","1"
"協作","1"
"⾸肯","1"
"吉利","1"
"⾾志","1"
"相等","1"
"⾃⽩","1"
"興盛","1"
"完好","1"
"名聲","1"
"功績","1"
"魔法","1"
"出名","1"
"可信","1"
"光彩","1"
"可喜","1"
"堅固","1"
"光芒","1"
"遵從","1"
"流暢","1"
"熟練","1"
"巧妙","1"
"旗開得勝","1"
"忍耐","1"
"正確性","1"
"好吃","1"
"助⼿","1"
"過癮","1"
"精通","1"
"⽩⾦","1"
"贊成票","1"
"激盪","1"
"想像⼒","1"
"愛上","1"
"美感","1"
"得⼒","1"
"⾏善","1"
"不凡","1"
"不忍","0"
"愉悅","1"
"熱⼒","1"
"萬能","1"
"滿懷","1"
"安康","1"
"尊崇","1"
"貴重","1"
"指望","1"
"富強","1"
"好意","1"
"健美","1"
"說服⼒","1"
"防備","1"
"細緻","1"
"⾼歌","1"
"寫實","1"
"正直","1"
"獨⼀無⼆","1"
"發財","1"
"真愛","1"
"分⼨","1"
"堅毅","1"
"緊要","1"
"學成","1"
"出乎意料","1"
"分⼯合作","1"
"打趣","1"
"感同⾝受","1"
"義不容辭","1"
"通俗","1"
"防⽔","1"
"可靠性","1"
"平坦","1"
"正⼤","1"
"純真","1"
"純淨","1"
"懇求","1"
"嗜好","1"
"喜氣洋洋","1"
"上等","1"
"均等","1"
"⾼尚","1"
"獨有","1"
"精細","1"
"⽤功","1"
"激賞","1"
"奮勇","1"
"⽣⽇快樂","1"
"無庸置疑","1"
"富麗","1"
"賞識","1"
"激昂","1"
"精明","1"
"要緊","1"
"新奇","1"
"⾼處","1"
"抒發","1"
"引以為傲","1"
"謙卑","1"
"適性","1"
"崇敬","1"
"正派","1"
"規矩","1"
"典雅","1"
"連貫","1"
"睿智","1"
"談戀愛","1"
"善⾏","1"
"寬闊","1"
"特級","1"
"耐性","1"
"英明","1"
"漸入佳境","1"
"富⾜","1"
"孝⾏","1"
"創造性","1"
"與有榮焉","1"
"雀躍","1"
"⼼動","1"
"上好","1"
"機智","1"
"⾃如","1"
"沈著","1"
"直覺","1"
"⼈情味","1"
"造詣","1"
"耐⽤","1"
"閃爍","1"
"良善","1"
"老實","1"
"相稱","1"
"均勻","1"
"消遣","0"
"群策群⼒","1"
"涼爽","1"
"奮發","1"
"實⽤性","1"
"內⾏","1"
"奇妙","1"
"義無反顧","1"
"⼿藝","1"
"盡興","1"
"問題","0"
"沒有","0"
"要求","1"
"無法","0"
"不會","0"
"不能","0"
"短暫","1"
"減少","0"
"利⽤","1"
"超過","1"
"不要","0"
"下跌","0"
"避免","0"
"⼤浪","1"
"透露","1"
"不斷","1"
"限制","0"
"尚未","0"
"降低","1"
"危機","0"
"緊急","0"
"困難","0"
"犯罪","0"
"污染","0"
"地震","0"
"可望","1"
"違反","0"
"取消","0"
"逮捕","0"
"不得","0"
"停⽌","1"
"有意","1"
"意外","0"
"下降","1"
"非法","0"
"排除","0"
"感染","0"
"警告","0"
"絕對","1"
"障礙","0"
"危險","0"
"指控","0"
"發動","1"
"疾病","0"
"離開","1"
"不可","0"
"激烈","0"
"走私","0"
"失業","0"
"機⾞","1"
"事故","0"
"災害","0"
"反彈","0"
"⼀再","0"
"難以","0"
"毒品","0"
"患者","0"
"爆炸","0"
"⽍徒","0"
"起訴","0"
"貶值","0"
"絕不","0"
"拆除","0"
"風暴","0"
"突然","1"
"病⼈","0"
"判決","1"
"徵收","1"
"刑事","0"
"武⼒","0"
"辯論","0"
"退出","0"
"被告","0"
"糾紛","0"
"台獨","1"
"不佳","0"
"對⼿","1"
"不良","0"
"⾃殺","0"
"強制","0"
"落後","0"
"難⺠","0"
"困擾","0"
"不法","0"
"不明","0"
"命令","0"
"監獄","0"
"陷入","0"
"⾃我","1"
"作戰","0"
"審判","0"
"死者","0"
"⾚字","0"
"遭遇","0"
"武裝","0"
"不如","0"
"暫停","1"
"道歉","0"
"不易","0"
"困境","0"
"不景氣","0"
"異議","0"
"控告","0"
"癌症","0"
"複雜","0"
"派系","0"
"刪除","0"
"危害","0"
"阻⽌","0"
"秘密","1"
"保守","1"
"罷⼯","0"
"過度","0"
"不實","0"
"撤銷","0"
"通貨膨脹","0"
"屍體","0"
"不管","0"
"火災","0"
"脫離","0"
"迫使","0"
"搜索","0"
"游擊隊","1"
"廢除","0"
"現實","1"
"追蹤","0"
"輻射","0"
"恐怕","0"
"綁架","0"
"⿊道","0"
"失事","0"
"異常","0"
"風波","0"
"彈劾","0"
"⼤雨","1"
"罰款","0"
"判刑","0"
"東⻄","1"
"殺害","0"
"浪費","0"
"意圖","0"
"終⽌","0"
"無關","1"
"縮⼩","1"
"爭執","0"
"差異","0"
"竟然","1"
"中毒","0"
"政變","0"
"可疑","0"
"分離","0"
"代價","0"
"去世","0"
"削減","0"
"⼦彈","0"
"射擊","1"
"故障","0"
"處置","1"
"封鎖","0"
"洪⽔","0"
"緩慢","1"
"⼲擾","0"
"承受","1"
"非正式","1"
"推翻","0"
"對付","0"
"轟炸","0"
"對立","0"
"縮減","0"
"打壓","0"
"過多","0"
"萎縮","0"
"災難","0"
"依賴","1"
"中⽌","0"
"阻礙","0"
"空襲","0"
"感冒","0"
"倒塌","0"
"申訴","0"
"不予","0"
"辛苦","0"
"加重","0"
"蔓延","0"
"否決","0"
"消失","0"
"弊端","0"
"頻繁","1"
"敦促","1"
"⾼價","1"
"破產","0"
"擺脫","0"
"延誤","0"
"賭博","0"
"不公","0"
"違建","0"
"陰影","0"
"外來","0"
"遏⽌","0"
"暗⽰","1"
"不應該","0"
"致使","1"
"流亡","0"
"批發","1"
"破裂","0"
"襲擊","0"
"搶劫","0"
"打出","0"
"醜聞","0"
"暴動","0"
"佔領","0"
"神經","0"
"拖延","0"
"制⽌","0"
"傳染","0"
"故意","0"
"殺⼈","0"
"減弱","0"
"噪⾳","0"
"開除","0"
"開槍","0"
"撲滅","0"
"傾銷","0"
"⾼壓","0"
"警報","0"
"流氓","0"
"激進","0"
"燃燒","0"
"宣判","0"
"動亂","0"
"毆打","0"
"憤怒","0"
"垃圾場","0"
"不顧","0"
"慘重","0"
"任意","0"
"⼲涉","0"
"受害者","0"
"超出","0"
"佔⽤","0"
"罰⾦","0"
"可惜","0"
"⾃稱","1"
"禁令","0"
"冷戰","0"
"沈重","0"
"延期","0"
"腫瘤","0"
"抹⿊","0"
"包圍","0"
"傳染病","0"
"沒想到","1"
"不成","0"
"觸犯","0"
"勾結","0"
"廢⽌","0"
"發燒","0"
"勒索","0"
"⽋缺","0"
"模糊","0"
"退回","0"
"海洛因","0"
"孤立","0"
"侵入","0"
"擅⾃","0"
"流⾎","0"
"危及","0"
"失利","0"
"暴亂","0"
"傾倒","0"
"迫切","0"
"強暴","0"
"壟斷","0"
"辭呈","0"
"老年","1"
"駁回","0"
"吸毒","0"
"廢棄","0"
"癱瘓","0"
"扣押","0"
"致死","0"
"太過","0"
"倒閉","0"
"強盜","0"
"相反","1"
"撤回","0"
"減低","0"
"沒收","0"
"控訴","0"
"頭痛","0"
"動盪","0"
"屠殺","0"
"差別","0"
"嫌疑","0"
"揭露","0"
"對峙","0"
"落選","0"
"乾旱","0"
"缺席","0"
"擊中","1"
"猖獗","0"
"疑問","1"
"陷於","0"
"特權","0"
"細菌","0"
"瑕疵","0"
"未必","1"
"暴露","0"
"氾濫","0"
"不肖","0"
"瓦解","0"
"嚴肅","1"
"逼近","0"
"不清","0"
"賄賂","0"
"淪為","0"
"分開","0"
"延遲","0"
"加深","1"
"動武","0"
"逃⽣","0"
"受阻","0"
"變⾰","0"
"分割","0"
"獨裁","0"
"陰謀","0"
"謠⾔","0"
"逃亡","0"
"格外","1"
"崩潰","0"
"掩埋","0"
"⾏賄","0"
"告發","0"
"藉⼝","0"
"扣留","0"
"不彰","0"
"戰場","0"
"無可","0"
"拖累","0"
"誤導","0"
"流浪","0"
"延緩","1"
"搶奪","0"
"相差","0"
"加劇","0"
"避開","0"
"哀悼","0"
"漏洞","0"
"暴雨","0"
"過世","0"
"擁擠","0"
"肆虐","0"
"搶走","0"
"⼤聲","1"
"監禁","0"
"囚犯","0"
"驅逐","0"
"投機","0"
"過剩","0"
"削弱","0"
"燒燬","0"
"傷⼝","0"
"暴⾏","0"
"地雷","0"
"肥胖","0"
"⾎腥","0"
"化⽯","1"
"慢性","0"
"誹謗","0"
"埋伏","0"
"下陷","0"
"窘境","0"
"挖掘","1"
"規避","0"
"闖入","0"
"突發","0"
"動搖","0"
"遺失","0"
"⽋佳","0"
"投降","0"
"不以為然","1"
"貿然","0"
"退役","1"
"濃煙","0"
"進攻","0"
"被害","0"
"兇⼿","0"
"捲入","0"
"發作","0"
"拘留","0"
"蓄意","0"
"戰役","0"
"漠視","0"
"共犯","0"
"極度","0"
"浮動","1"
"安撫","1"
"⾃認","1"
"昏迷","0"
"求助","0"
"受難者","0"
"停滯","0"
"骨折","0"
"殖⺠","0"
"相撞","0"
"嚴懲","0"
"反覆","1"
"警惕","0"
"好戰","1"
"恫嚇","0"
"欺騙","0"
"瘋狂","0"
"撞擊","0"
"次級","0"
"遲緩","0"
"投訴","0"
"施以","1"
"阻塞","0"
"抵抗","0"
"忍受","0"
"撤退","0"
"默默","1"
"混淆","0"
"毀滅性","0"
"有罪","0"
"滲透","0"
"衝撞","0"
"絲毫","1"
"脂肪","1"
"無形","1"
"限定","1"
"停頓","1"
"炸藥","0"
"停業","0"
"制服","1"
"轟動","1"
"暴徒","0"
"暗殺","0"
"殘骸","0"
"耗費","0"
"負荷","0"
"未定","0"
"顛覆","1"
"居然","1"
"薄弱","0"
"衰竭","0"
"⼤屠殺","0"
"免職","0"
"潛逃","0"
"誤差","0"
"變相","1"
"擔負","0"
"牴觸","0"
"暴跌","0"
"隱藏","1"
"佔據","0"
"清算","0"
"蒙受","0"
"分化","0"
"招致","0"
"有毒","0"
"犯⼈","0"
"酒醉","0"
"消耗","0"
"過敏","0"
"寒冷","1"
"不下","0"
"不休","0"
"蕭條","0"
"壓倒性","1"
"追逐","1"
"贓物","0"
"勒贖","0"
"包庇","0"
"罷黜","0"
"斷裂","0"
"痛⼼","0"
"⼝⾓","0"
"過份","0"
"觸及","1"
"偏差","0"
"追捕","0"
"灼傷","0"
"抓住","0"
"切斷","0"
"攻佔","1"
"盲⽬","0"
"流出","1"
"婉拒","0"
"動⼿","0"
"斷絕","0"
"落入","0"
"感慨","0"
"冗長","0"
"打入","0"
"情結","1"
"嘔吐","0"
"怎樣","0"
"隱瞞","0"
"毒氣","0"
"求救","0"
"屈服","0"
"拜託","0"
"捕捉","0"
"過量","0"
"傾斜","0"
"未遂","0"
"拖⽋","0"
"摩擦","0"
"安慰","1"
"歸咎於","0"
"遏制","0"
"質問","0"
"受挫","0"
"危急","0"
"狹窄","0"
"不得已","0"
"殖⺠地","0"
"暗中","0"
"飢餓","0"
"掩飾","0"
"下⼿","0"
"洩露","0"
"煽動","0"
"寧可","0"
"⽣變","0"
"智障","0"
"老⼤","1"
"共謀","0"
"發炎","0"
"較勁","0"
"得不到","0"
"擠滿","0"
"不和","0"
"瀰漫","1"
"擾亂","0"
"受難","0"
"假冒","0"
"不尋常","0"
"⾏竊","0"
"⿇醉","0"
"縱容","0"
"專制","0"
"違章","0"
"訝異","0"
"限度","0"
"洩漏","0"
"近視","0"
"煞⾞","1"
"孤兒","0"
"炸毀","0"
"激戰","0"
"議論","0"
"窮⼈","0"
"出賣","0"
"餘地","0"
"屠宰","0"
"不合時宜","0"
"低潮","0"
"⽑病","0"
"作秀","0"
"踐踏","0"
"寧願","1"
"遇刺","0"
"無家可歸","0"
"失調","0"
"猥褻","0"
"野⼼","1"
"背信","0"
"侵蝕","0"
"牽制","0"
"囚禁","0"
"殺⼈罪","0"
"慘案","0"
"清寒","0"
"失效","0"
"剷除","0"
"匱乏","0"
"⿊暗","0"
"突襲","0"
"竊賊","0"
"錯失","0"
"緊迫","0"
"陷阱","0"
"悄悄","1"
"牲畜","0"
"通牒","0"
"剔除","0"
"犯規","0"
"唾棄","0"
"查禁","0"
"不切實際","0"
"垮台","0"
"放射","1"
"勸阻","1"
"病菌","0"
"塌陷","0"
"沈默","1"
"潛入","0"
"定罪","0"
"牽連","0"
"施暴","0"
"苦難","0"
"裂縫","0"
"勸告","1"
"內情","1"
"洩密","0"
"劣勢","0"
"剝削","0"
"逼迫","0"
"復發","0"
"困在","0"
"⿇痺","0"
"尖銳","0"
"不理","0"
"碰撞","0"
"堵塞","0"
"出軌","0"
"乾燥","1"
"權宜","1"
"曲折","0"
"否決權","1"
"燒傷","0"
"拚命","1"
"迷信","0"
"敗北","0"
"震動","1"
"逐出","0"
"損毀","0"
"慾望","1"
"⼰⾒","1"
"攻擊性","0"
"責難","0"
"冷漠","0"
"逃跑","0"
"蠻橫","0"
"畏懼","0"
"砍傷","0"
"圖謀","0"
"灌輸","1"
"圍毆","0"
"沒有⽤","0"
"枯竭","0"
"逃犯","0"
"過早","0"
"墳墓","0"
"催促","0"
"走下坡","0"
"鬆散","0"
"脫落","0"
"中傷","0"
"趕出","0"
"不肯","0"
"噴出","1"
"誇張","0"
"競爭者","1"
"不予置評","0"
"犯錯","0"
"廢物","0"
"宰殺","0"
"⿎動","1"
"海難","0"
"落淚","0"
"鯊⿂","0"
"有礙","0"
"扼殺","0"
"飲恨","0"
"顧忌","1"
"流⾔","0"
"討價還價","0"
"侵吞","0"
"上吊","0"
"覬覦","0"
"昏倒","0"
"失⾎","0"
"關押","0"
"虛偽","0"
"賭注","1"
"引咎","0"
"逼使","0"
"⾏騙","0"
"饑荒","0"
"譭謗","0"
"壓倒","0"
"盜竊","0"
"埋葬","0"
"難看","0"
"徒然","0"
"掠奪","0"
"誘騙","0"
"強盜罪","0"
"不⽢⽰弱","1"
"輕率","0"
"橫渡","1"
"隱密","1"
"不知去向","0"
"丟掉","0"
"雜物","1"
"惡習","0"
"新⼿","1"
"不智","0"
"著火","0"
"破洞","0"
"急切","1"
"沉默","1"
"混沌","0"
"劣質","0"
"不好意思","0"
"⼀蹶不振","0"
"遊蕩","0"
"寄⽣蟲","0"
"造假","0"
"擊潰","1"
"避重就輕","0"
"失序","0"
"荒廢","0"
"勞累","0"
"電擊","0"
"挑撥","0"
"下獄","0"
"遭殃","0"
"反常","0"
"姦淫","0"
"⾃認為","0"
"狂風","1"
"鮮豔","1"
"清秀","1"
"戀戀","1"
"敬禮","1"
"責任⼼","1"
"柔和","1"
"樸素","1"
"安祥","1"
"魔⼒","1"
"不屈不撓","1"
"奮起","1"
"率直","1"
"歡騰","1"
"節儉","1"
"寓意","1"
"快快樂樂","1"
"合意","1"
"接濟","1"
"苦思","0"
"間歇","1"
"柔情","1"
"穩重","1"
"熱戀","1"
"愛國⼼","1"
"可敬","1"
"攙扶","1"
"英雄式","1"
"光澤","1"
"滿載⽽歸","1"
"喝彩","1"
"奮不顧⾝","1"
"取悅","1"
"井然有序","1"
"多才多藝","1"
"好學","1"
"安詳","1"
"追根究底","1"
"善舉","1"
"鍾情","1"
"志氣","1"
"直截了當","1"
"中肯","1"
"盡如⼈意","1"
"出眾","1"
"肥沃","1"
"好客","1"
"德⾼望重","1"
"富於","1"
"幹勁","1"
"清⾼","1"
"全神貫注","1"
"涼快","1"
"富麗堂皇","1"
"鍛煉","1"
"哲⼈","1"
"富饒","1"
"無庸","1"
"相宜","1"
"談笑風⽣","1"
"快活","1"
"溫⽂","1"
"羨煞","1"
"⼼安理得","1"
"嘟嘟","1"
"⼤喜","1"
"⽢美","1"
"暖意","1"
"互敬","1"
"樂不可⽀","1"
"恆久","1"
"脫俗","1"
"伊甸園","1"
"⽢甜","1"
"溺愛","0"
"才氣","1"
"⼀⾒鍾情","1"
"締造者","1"
"慈悲為懷","1"
"合群","1"
"⼤無畏","1"
"含笑","1"
"聖徒","1"
"繁盛","1"
"樂事","1"
"聰慧","1"
"安適","1"
"賢明","1"
"⼼曠神怡","1"
"真確","1"
"洋房","1"
"誇獎","1"
"堂皇","1"
"明理","1"
"償清","1"
"順眼","1"
"和藹可親","1"
"奪取","0"
"困窘","0"
"紊亂","0"
"打死","0"
"驅散","0"
"碎片","0"
"廢墟","0"
"短少","0"
"橫⾏","0"
"粗糙","0"
"險境","0"
"圍困","0"
"威嚇","0"
"⼤意","0"
"沒辦法","0"
"遲滯","0"
"擊退","1"
"謠傳","0"
"爆破","0"
"粉碎","0"
"暴風雨","0"
"⼤亂","0"
"退縮","0"
"負數","1"
"出沒","1"
"過節","0"
"憤慨","0"
"誘惑","0"
"刁難","0"
"腐蝕","0"
"疑雲","0"
"悶熱","0"
"對不起","0"
"背離","0"
"爭辯","0"
"失常","0"
"解雇","0"
"微弱","0"
"搜捕","0"
"三八","0"
"陰雨","0"
"老是","1"
"不⼤","1"
"火爆","0"
"兩難","0"
"滅絕","0"
"分隔","0"
"憂⼼忡忡","0"
"唯恐","0"
"隔絕","0"
"⼀⾯倒","0"
"撞死","0"
"苦⼼","0"
"竊聽","0"
"困惑","0"
"潛藏","0"
"分贓","0"
"未知數","1"
"偷偷","0"
"刻板","0"
"捏造","0"
"囂張","0"
"束⼿無策","0"
"躲藏","0"
"散落","0"
"烈酒","0"
"何必","0"
"咬傷","0"
"堪慮","0"
"告誡","0"
"欺負","0"
"推諉","0"
"惡作劇","0"
"俘虜","0"
"複雜化","0"
"想不到","0"
"造謠","0"
"潛伏","0"
"惡質","0"
"⼀意孤⾏","0"
"霸佔","0"
"乏⼈問津","0"
"辜負","0"
"退場","0"
"塞⼈","0"
"偏頗","0"
"怨⾔","0"
"計較","0"
"無名","1"
"爆炸物","0"
"暴發","0"
"置之不理","0"
"姑息","0"
"玩弄","0"
"偽裝","0"
"沈沒","0"
"凝重","0"
"責怪","0"
"⽤盡","0"
"伏擊","0"
"逆境","0"
"不義","0"
"作假","0"
"敬陪末座","0"
"走失","0"
"救命","0"
"不值","0"
"恥辱","0"
"論戰","0"
"不歡⽽散","0"
"低下","0"
"痙攣","0"
"無依","0"
"強加","0"
"突如其來","1"
"低姿態","0"
"誹謗罪","0"
"頭暈","0"
"拘留所","0"
"被俘","0"
"改頭換⾯","1"
"情願","1"
"有效性","1"
"留情","1"
"互助合作","1"
"刻苦","1"
"順從","1"
"當⼼","1"
"群情激憤","0"
"懺悔","0"
"第⼀流","1"
"吃苦","0"
"⾄⾼","1"
"抒情","1"
"誘⼈","1"
"清澈","1"
"有禮","1"
"知覺","1"
"衝勁","1"
"窩⼼","1"
"戒除","1"
"聖⼈","1"
"學好","1"
"⽢願","1"
"雄偉","1"
"韻味","1"
"雅量","1"
"誠⼼誠意","1"
"談笑","1"
"芬芳","1"
"滋養","1"
"道謝","1"
"耐勞","1"
"施捨","1"
"安眠","1"
"悅耳","1"
"安⾝立命","1"
"酬謝","1"
"光滑","1"
"勇猛","1"
"安⾝","1"
"器重","1"
"痛快","1"
"⼀笑置之","1"
"賞⼼悅⽬","1"
"情深","1"
"意氣風發","1"
"引以為榮","1"
"無懈可擊","1"
"氣派","1"
"幽默感","1"
"學以致⽤","1"
"詩意","1"
"舒暢","1"
"會⼼","1"
"⼼⽢情願","1"
"香甜","1"
"莊重","1"
"照耀","1"
"精確度","1"
"抒解","1"
"懂事","1"
"誇耀","1"
"平⼼靜氣","1"
"恭敬","1"
"寬厚","1"
"不偏不倚","1"
"消散","1"
"洋洋","1"
"互愛","1"
"情不⾃禁","1"
"纖細","1"
"勤勉","1"
"熱熱鬧鬧","1"
"完滿","1"
"暢快","1"
"彬彬有禮","1"
"聰穎","1"
"⼯整","1"
"開化","1"
"先⾒之明","1"
"興沖沖","1"
"豐饒","1"
"知恥","1"
"奇跡","1"
"希冀","1"
"剛毅","1"
"癡情","1"
"紅潤","1"
"望⼦成龍","1"
"聖潔","1"
"溫順","1"
"愛撫","1"
"勻稱","1"
"有說有笑","1"
"決斷⼒","1"
"繁茂","1"
"渴盼","1"
"超凡","1"
"豁然開朗","1"
"熟慮","1"
"有意義","1"
"癡癡","1"
"謙恭","1"
"從容不迫","1"
"苦修","1"
"牢靠","1"
"形影不離","1"
"平⼼","1"
"妙計","1"
"俠義","1"
"漂漂亮亮","1"
"討⼈喜歡","1"
"擔待","1"
"豐腴","1"
"深謀遠慮","1"
"⾃得其樂","1"
"留神","1"
"雅致","1"
"醉⼈","1"
"⾶黃騰達","1"
"縫補","1"
"遊街","0"
"過時","0"
"收買","0"
"魔⿁","0"
"何不","1"
"夢魘","0"
"燙傷","0"
"弊病","0"
"困難重重","0"
"失明","0"
"游擊","1"
"慘痛","0"
"慘敗","0"
"追趕","1"
"衝出","1"
"潰瘍","0"
"破碎","0"
"謊⾔","0"
"裂痕","0"
"推擠","0"
"未雨綢繆","1"
"暴風","0"
"瓜分","0"
"煙霧","1"
"騷亂","0"
"擦傷","0"
"殘廢","0"
"輾轉","0"
"退學","0"
"藐視","0"
"糾纏","0"
"束縛","0"
"偷⼯減料","0"
"曖昧","1"
"鬧事","0"
"辯解","0"
"梗塞","0"
"償付","0"
"凌虐","0"
"渺茫","0"
"遜⾊","0"
"追訴","0"
"委屈","0"
"加害","0"
"休克","0"
"獨裁者","0"
"⽂盲","0"
"不許","0"
"徵稅","0"
"撕毀","0"
"退步","0"
"最低","0"
"衝動","0"
"⼈⾝攻擊","0"
"後退","0"
"抵消","1"
"虛假","0"
"竄改","0"
"冒充","0"
"挫傷","0"
"撕裂","0"
"毒害","0"
"乞丐","0"
"⼀廂情願","1"
"作祟","0"
"沈寂","0"
"殺戮","0"
"阻隔","0"
"欺壓","0"
"軍閥","0"
"僵持不下","0"
"搖擺","0"
"傳染性","0"
"失⼿","0"
"罷了","0"
"敲詐","0"
"拉出","1"
"斥責","0"
"內⾾","0"
"未知","1"
"重擊","0"
"簡陋","0"
"槍聲","0"
"罷課","0"
"幼稚","0"
"根絕","0"
"未加","0"
"畸形","0"
"吵架","0"
"割傷","0"
"誤認","0"
"發洩","0"
"戰敗","0"
"出乎","1"
"搖晃","1"
"失落","0"
"逃走","0"
"冀望","1"
"⾃立⾃強","1"
"敬愛","1"
"事跡","1"
"直率","1"
"芳香","1"
"健壯","1"
"無價","1"
"報答","1"
"聽話","1"
"牢固","1"
"為傲","1"
"學有專精","1"
"正道","1"
"興⾼采烈","1"
"天籟","1"
"稀奇","1"
"判斷⼒","1"
"養活","1"
"友愛","1"
"簡樸","1"
"易懂","1"
"標緻","1"
"出⼈意表","1"
"厚道","1"
"不亦樂乎","1"
"安和樂利","1"
"⼀帆風順","1"
"簡明","1"
"顯赫","1"
"茂盛","1"
"最⾼","1"
"嬉戲","1"
"無敵","1"
"變好","1"
"才幹","1"
"報喜","1"
"⼼平氣和","1"
"精巧","1"
"潛⼼","1"
"純潔","1"
"留⼼","1"
"⾃由⾃在","1"
"⼼儀","1"
"同情⼼","1"
"平整","1"
"⺟愛","1"
"神童","1"
"頌揚","1"
"樂此不疲","1"
"淳樸","1"
"會⼼⼀笑","1"
"學成歸國","1"
"昌盛","1"
"⾃信滿滿","1"
"豐滿","1"
"端莊","1"
"⼼想事成","1"
"⽂雅","1"
"⾃告奮勇","1"
"報恩","1"
"無瑕","1"
"老練","1"
"興致勃勃","1"
"⾼⾼興興","1"
"堅韌","1"
"臉紅","1"
"煥發","1"
"醉⼼","1"
"叮囑","1"
"慇勤","1"
"達觀","1"
"多產","1"
"虔敬","1"
"守信","1"
"喜感","1"
"有效率","1"
"率真","1"
"⾃勉","1"
"微微","1"
"安好","1"
"明晰","1"
"雄辯","1"
"恆⼼","1"
"奮進","1"
"輕輕鬆鬆","1"
"謙遜","1"
"安於","1"
"⼼滿意⾜","1"
"活著","1"
"愜意","1"
"溫⽂儒雅","1"
"傳奇性","1"
"忘不了","1"
"可親","1"
"長進","1"
"恩⼈","1"
"覺察","1"
"情投意合","1"
"賢⼈","1"
"俘獲","1"
"你儂我儂","1"
"引吭⾼歌","1"
"⽬眩","0"
"入神","1"
"⼼⼼相印","1"
"稱⼼","1"
"肝膽相照","1"
"甜甜蜜蜜","1"
"賢淑","1"
"⾔歸於好","1"
"貞潔","1"
"廢寢忘食","1"
"獨創性","1"
"稀罕","1"
"意味深長","1"
"施恩","1"
"癡狂","1"
"虔信","1"
"入迷","1"
"有權","1"
"物廉價美","1"
"悠哉","1"
"練成","1"
"盛年","1"
"安安靜靜","1"
"騰躍","1"
"滿⾯春風","1"
"儒雅","1"
"安睡","1"
"愛憐","1"
"癡⼼","1"
"神氣活現","1"
"賢慧","1"
"勳績","1"
"出神","1"
"適得其所","1"
"⼀吐為快","1"
"⽇久⽣情","1"
"古雅","1"
"⾜智多謀","1"
"順當","1"
"謙恭有禮","1"
"⼼花怒放","1"
"切題","1"
"嘻嘻哈哈","1"
"抒懷","1"
"⾃滿","0"
"惡⾏","0"
"奴隸","0"
"孤獨","0"
"雜草","1"
"惶恐","0"
"抹煞","0"
"⼀往情深","1"
"戰無不勝","1"
"惠顧","1"
"豪勇","1"
"愛⼈如⼰","1"
"坦直","1"
"嬌美","1"
"鑒別⼒","1"
"⼼誠則靈","1"
"妙不可⾔","1"
"諧調","1"
"精神百倍","1"
"奢侈","0"
"崩塌","0"
"得不償失","0"
"悽慘","0"
"排⼭倒海","0"
"⼀舉數得","1"
"不相上下","1"
"不礙事","1"
"有過之⽽無不及","0"
"夠格","1"
"粗製濫造","0"
"累贅","0"
"聊勝於無","1"
"莫名其妙","0"
"陰霾","0"
"得分","1"
"從善如流","1"
"深入淺出","1"
"深厚","1"
"清脆","1"
"提⼼吊膽","0"
"斑駁","0"
"殘破","0"
"殘缺","0"
"渾濁","0"
"盛⼤","1"
"脫胎換骨","1"
"處變不驚","1"
"通風","1"
"單純","1"
"發病","0"
"病發","0"
"硬化","0"
"稍嫌弱","0"
"超弱","0"
"華⽽不實","0"
"循序漸進","1"
"掌聲如雷","1"
"游刃有餘","1"
"無往不利","1"
"絢爛奪⽬","1"
"發瘋","0"
"絞痛","0"
"跑不動","0"
"進退兩難","0"
"亂七八糟","0"
"超⼈","1"
"週到","1"
"進化","1"
"開趴","1"
"順耳","1"
"微乎其微","0"
"愚昧","0"
"慌張","0"
"摃⿔","0"
"暈倒","0"
"勤快","1"
"搞笑","1"
"新穎","1"
"源源不絕","1"
"準時","1"
"肆無忌憚","0"
"腫起來","0"
"腰酸背痛","0"
"落單","0"
"詭異","0"
"欲振乏⼒","0"
"猙獰","0"
"猝死","0"
"粗淺","0"
"累⼈","0"
"⼀覽無遺","1"
"不遑多讓","1"
"專⼼","1"
"專注","1"
"強有⼒","1"
"強⽽有⼒","1"
"粗線條","0"
"勞⺠傷財","0"
"單調","0"
"惡名昭彰","0"
"惱⼈","0"
"得⼼應⼿","1"
"深植⼈⼼","1"
"清爽","1"
"清清爽爽","1"
"理所當然","1"
"痊癒","1"
"無以復加","0"
"痛⼼疾⾸","0"
"痠","0"
"痠軟","0"
"痠痛","0"
"酸痛","0"
"痠痠痛痛","0"
"酸酸痛痛","0"
"盛開","1"
"得寵","1"
"淺顯易懂","1"
"脫穎⽽出","1"
"復原","1"
"發⿇","0"
"硬著頭⽪","0"
"詞不達意","0"
"令⼈費解","0"
"超兇","0"
"無與倫比","1"
"犀利","1"
"硬挺","1"
"童叟無欺","1"
"絕佳","1"
"超重","0"
"亂掉","0"
"傷痕累累","0"
"傻眼","0"
"塞⾞","0"
"開懷","1"
"順暢","1"
"黃袍加⾝","1"
"⿊⽩分明","1"
"傲⼈","1"
"慌亂","0"
"矮⼈⼀截","0"
"碎裂","0"
"稚嫩","1"
"綁⼿綁腳","0"
"勤勞","1"
"煥然⼀新","1"
"腳踏實地","1"
"萬幸","1"
"解渴","1"
"腫痛","0"
"載浮載沉","0"
"載沉載浮","0"
"過冷","0"
"違和","0"
"⿎噪","0"
"單薄","0"
"惡狠","0"
"無⾔","0"
"發霉","0"
"超時","0"
"清醒","1"
"爽玩","1"
"盛裝","1"
"無所不包","1"
"萬眾矚⽬","1"
"過載","0"
"墊底","0"
"寥寥無幾","0"
"屢⾒不鮮","0"
"彆扭","0"
"萬無⼀失","1"
"遊刃有餘","1"
"道地","1"
"道道地地","1"
"飽和","1"
"鼎鼎⼤名","1"
"漏氣","0"
"慘不忍睹","0"
"遙遙無期","0"
"遜","0"
"酷寒","0"
"有助於","1"
"念念不忘","1"
"壽終正寢","0"
"實事求是","1"
"旗⿎相當","1"
"酸澀","0"
"頗重","0"
"⿐塞","0"
"嘩然","0"
"嘴硬","0"
"稱霸","1"
"精闢","1"
"綽綽有餘","1"
"貌美","1"
"赫赫有名","1"
"標新立異","1"
"潦草","0"
"潮溼","0"
"潮濕","0"
"熱死","0"
"皺巴巴","0"
"酷炫","1"
"頗多","1"
"賣⼒","1"
"銳減","0"
"駝背","0"
"魯莽","0"
"壅塞","0"
"糗爆","0"
"銳利","1"
"憨厚","1"
"整⿑劃⼀","1"
"曇花⼀現","0"
"樸實","1"
"⿔裂","0"
"嚇⼈","0"
"縮⽔","0"
"醜陋","0"
"斷線","0"
"無緣","0"
"發癢","0"
"超現實","0"
"腫脹","0"
"過氣","0"
"清新","1"
"無傷⼤雅","1"
"貼切","1"
"超強","1"
"勤儉","1"
"慘兮兮","0"
"慚愧","0"
"慵懶","0"
"漏⽔","0"
"漫長","0"
"飽滿","1"
"嘆為觀⽌","1"
"嘔⼼瀝⾎","1"
"圖⽂並茂","1"
"有利於","1"
"熄火","0"
"聞之⾊變","0"
"蒼老","0"
"說不過去","0"
"遙不可及","0"
"實實在在","1"
"暢銷","1"
"滴⽔不漏","1"
"稱職","1"
"精采","1"
"層出不窮","0"
"憔悴","0"
"撐不住","0"
"撲朔迷離","0"
"暫緩","0"
"輕⽽易舉","1"
"魂牽夢縈","1"
"緊鑼密⿎","1"
"與眾不同","1"
"遠⼤","1"
"瘙癢","0"
"皺掉","0"
"膚淺","0"
"賠錢","0"
"醉倒","0"
"頗負盛名","1"
"厲害","1"
"寬敞","1"
"憂喜參半","1"
"數⼀數⼆","1"
"遺漏","0"
"險峻","0"
"頭暈⽬眩","0"
"頹廢","0"
"駭⼈聽聞","0"
"歷久不衰","1"
"激挺","1"
"縝密","1"
"親⺠","1"
"醒⽬","1"
"嚇歪","0"
"斷斷續續","0"
"翻⾞","0"
"藏污納垢","0"
"雜七雜八","0"
"無解","0"
"超速","0"
"過熟","0"
"雞婆","0"
"離奇","1"
"無所遁形","1"
"超群","1"
"精純","1"
"隨⼼所欲","1"
"險勝","1"
"壞掉","0"
"爛掉","0"
"礙⼿礙腳","0"
"繪聲繪影","0"
"難受","0"
"優異","1"
"趨之若騖","1"
"鮮艷","1"
"癒合","1"
"簡便","1"
"囉唆","0"
"囉嗦","0"
"囉囉唆唆","0"
"囉囉嗦嗦","0"
"彎腰駝背","0"
"籠統","0"
"髒兮兮","0"
"髒汙","0"
"穩紮穩打","1"
"豐盈","1"
"顧家","1"
"鶴立雞群","1"
"驚天動地","1"
"變差","0"
"變糟","0"
"體無完膚","0"
"枉費","0"
"風靡","1"
"兼備","1"
"精簡","1"
"緩解","1"
"紓解","1"
"盲從","0"
"流失","0"
"耐不住","0"
"倚賴","0"
"容納不下","0"
"獨得","1"
"擴增","1"
"蟬聯","1"
"跟不上","0"
"鄙視","0"
"歷盡滄桑","0"
"激化","1"
"迷上","1"
"豐沛","1"
"乾爽","1"
"美觀","1"
"變塌","0"
"變濁","0"
"看不慣","0"
"看不過去","0"
"納悶","0"
"無能為⼒","0"
"超悶","0"
"過頭","0"
"離譜","0"
"鬆垮","0"
"超越","1"
"精準","1"
"頗佳","1"
"優越","1"
"應有盡有","1"
"難聽","0"
"顛簸","0"
"繁雜","0"
"龐雜","0"
"嚴苛","0"
"簡約","1"
"豐收","1"
"穩當","1"
"難能可貴","1"
"瀟灑","1"
"曬傷","0"
"纖弱","0"
"變⼼","0"
"變態","0"
"驟變","0"
"驚艷","1"
"驚豔","1"
"不可⼩覷","1"
"不亞於","1"
"充盈","1"
"包容","1"
"出⾔不遜","0"
"⽩費","0"
"吃不消","0"
"⾃恃","0"
"冷落","0"
"專精","1"
"崇尚","1"
"眷戀","1"
"喜獲","1"
"榮獲","1"
"耗盡","0"
"臭死","0"
"記錯","0"
"混雜","0"
"滋⽣","0"
"獨具慧眼","1"
"愛戴","1"
"聽得懂","1"
"超難","0"
"離題","0"
"變臭","0"
"變扁","0"
"無法⾃拔","0"
"奢求","0"
"猜不透","0"
"痛感","0"
"無神","0"
"漏電","0"
"離異","0"
"曠⽇廢時","0"
"精進","1"
"療癒","1"
"繁華","1"
"臨危不亂","1"
"舉⾜輕重","1"
"難懂","0"
"騷包","0"
"鐵⿒","0"
"霸道","0"
"黯然失⾊","0"
"優渥","1"
"豐盛","1"
"穩如泰⼭","1"
"繽紛","1"
"釋懷","1"
"變老","0"
"變嫩","1"
"鬱悶","0"
"不及","0"
"比不上","0"
"⼼疼","0"
"驚為天⼈","1"
"回味","1"
"佩服","1"
"保佑","1"
"看重","1"
"改變不了","0"
"屈就","0"
"抵不過","0"
"拘泥","0"
"放不下","0"
"萌","1"
"愛惜","1"
"跟得上","1"
"獨享","1"
"震撼","1"
"耗損","0"
"損耗","0"
"傷透","0"
"嫌棄","0"
"愧對","0"
"損及","0"
"贏過","1"
"歡度","1"
"乾脆","1"
"變鈍","0"
"不堪","0"
"分不清楚","0"
"遺忘","0"
"昏暗","0"
"美中不⾜","0"
"⼀氣呵成","1"
"⼤名鼎鼎","1"
"不雅","0"
"天下無敵","1"
"⽔腫","0"
"出⾎","0"
"平分秋⾊","1"
"合情合理","1"
"⽣鏽","0"
"失竊","0"
"三⽣有幸","1"
"中風","0"
"⼼急","0"
"出線","1"
"死⼼眼","0"
"沒效","0"
"無效果","0"
"沒效果","0"
"秀麗","1"
"⾏得通","1"
"歪七扭八","0"
"陣亡","0"
"飢渴","0"
"乾巴巴","0"
"乾枯","0"
"⾼超","1"
"乾淨","1"
"乾乾淨淨","1"
"閃亮","1"
"閃閃亮亮","1"
"閃閃發光","1"
"閃閃發亮","1"
"閃耀","1"
"退稅","1"
"⼀應俱全","1"
"不謀⽽合","1"
"好命","1"
"⼤驚失⾊","0"
"不知所云","0"
"⼿忙腳亂","0"
"好看","1"
"有著落","1"
"百發百中","1"
"多此⼀舉","0"
"出糗","0"
"吃不開","0"
"旺盛","1"
"明快","1"
"易如反掌","1"
"走投無路","0"
"刺⿐","0"
"受創","0"
"表裡如⼀","1"
"迎刃⽽解","1"
"浮腫","0"
"衰落","0"
"討⼈厭","0"
"起疑","0"
"迷茫","0"
"相⾒恨晚","1"
"風平浪靜","1"
"柔中帶勁","1"
"海派","1"
"純熟","1"
"⼀清⼆楚","1"
"⼤勝","1"
"叫座","1"
"⼝說無憑","0"
"⼤費周章","0"
"天公不作美","0"
"平淡","1"
"平淡無奇","1"
"名不虛傳","1"
"⽀離破碎","0"
"出錯","0"
"失禮","0"
"受益","1"
"始終如⼀","1"
"尚可","1"
"普普","1"
"普通","1"
"普普通通","1"
"⾺⾺虎虎","1"
"所費不貲","0"
"披頭散髮","0"
"抽筋","0"
"知名","1"
"空閒","1"
"浮誇","0"
"氣爆","0"
"狼狽","0"
"狼狽不堪","0"
"病態","0"
"破舊","0"
"特強","1"
"神奇","1"
"純正","1"
"風雅","1"
"挺住","1"
"⼀勞永逸","1"
"⼤開眼界","1"
"多汁","1"
"⼤錯特錯","0"
"不夠看","0"
"⼼驚膽跳","0"
"⼼驚膽戰","0"
"⼼驚膽顫","0"
"名列前茅","1"
"好⼼","1"
"如願以償","1"
"多慮","1"
"有恃無恐","0"
"⽔火不容","0"
"忠⼼耿耿","1"
"怡然⾃得","1"
"性感","1"
"委靡","0"
"孤零零","0"
"居⼼叵測","0"
"爭氣","1"
"直挺挺","1"
"凍僵","0"
"弱不禁風","0"
"捉摸不定","0"
"氣炸","0"
"風流","0"
"相⾒歡","1"
"挺拔","1"
"特殊","1"
"神清氣爽","1"
"笑容可掬","1"
"⼀掃⽽空","1"
"⼤好","1"
"內斂","1"
"⼝乾舌燥","0"
"⼤起⼤落","0"
"不慎","0"
"千變萬化","1"
"天真爛漫","1"
"中規中矩","1"
"⾎流如注","0"
"秀逗","0"
"⼿拙","0"
"有意思","1"
"事事如意","1"
"受⽤","1"
"拖泥帶⽔","0"
"於事無補","0"
"事倍功半","0"
"服貼","1"
"服服貼貼","1"
"果決","1"
"風騷","0"
"苦澀","0"
"凍傷","0"
"剝落","0"
"差強⼈意","0"
"茂密","1"
"負責任","1"
"重⽣","1"
"香噴噴","1"
"剛直","1"
"天花亂墜","0"
"吃重","0"
"⾃戀","0"
"走火入魔","0"
"受損","0"
"平順","1"
"有解","1"
"老少咸宜","1"
"返璞歸真","1"
"長壽","1"
"⼀無是處","0"
"不像話","0"
"南轅北轍","0"
"天差地遠","0"
"叛逆","0"
"幽暗","0"
"恍然⼤悟","1"
"恬淡","1"
"持之以恆","1"
"指⽇可待","1"
"春暖花開","1"
"後悔莫及","0"
"枯燥","0"
"看錯","0"
"突⺎","0"
"紅腫","0"
"洋洋得意","1"
"活靈活現","1"
"皆⼤歡喜","1"
"皇天不負苦⼼⼈","1"
"相安無事","1"
"⼀枝獨秀","1"
"⼀觸即發","0"
"⼤吉","1"
"⼩題⼤做","0"
"⽑燥","0"
"⽑躁","0"
"凹陷","0"
"平易近⼈","1"
"⽣龍活虎","1"
"成癮","0"
"有出入","0"
"不勝枚舉","1"
"平實","1"
"下垂","0"
"⼤剌剌","0"
"天衣無縫","1"
"⽜⼑⼩試","1"
"吃⼒","0"
"失準","0"
"⾏雲流⽔","1"
"沈穩","1"
"沉穩","1"
"乾澀","0"
"乾乾澀澀","0"
"停電","0"
"偷懶","0"
"⾼不可攀","0"
"堆積如⼭","0"
"風情萬種","1"
"特立獨⾏","1"
"純樸","1"
"起勁","1"
"堂堂正正","1"
"上榜","1"
"⼤⼿筆","1"
"賣座","1"
"好握","1"
"失真","0"
"不失真","1"
"中看","1"
"不起眼","0"
"略勝⼀籌","1"
"略遜","0"
"負擔得起","1"
"買不起","0"
"充斥","1"
"老氣","0"
"不錯","1"
"中⽤","1"
"有⼝皆碑","1"
"中意","1"
"為⼈詬病","0"
"破損","0"
"缺損","0"
"退⾊","0"
"褪⾊","0"
"好⽤","1"
"拔得頭籌","1"
"物美價廉","1"
"物超所值","1"
"超值","1"
"划算","1"
"特惠","1"
"買⼀送⼀","1"
"貴","0"
"笨重","0"
"⼤吃⼀驚","1"
"封后","1"
"流線","1"
"炫爆","1"
"相符","1"
"合⾝","1"
"當機","0"
"過重","0"
"⾸屈⼀指","1"
"值回票價","1"
"不閃頻","1"
"爽⼝","1"
"走味","0"
"貪⼩便宜","0"
"耐操","1"
"美呆","1"
"接地氣","1"
"淋漓盡致","1"
"貨真價實","1"
"廉價","0"
"頂尖","1"
"勝出","1"
"超酷","1"
"搶⼿","1"
"新潮","1"
"耗電","0"
"費電","0"
"耗時","0"
"費時","0"
"過短","0"
"實惠","1"
"精打細算","1"
"前所未有","1"
"前所未⾒","1"
"輕薄短⼩","1"
"寬裕","1"
"⼀⽬了然","1"
"⼀⽬瞭然","1"
"七零八落","0"
"⼗全⼗美","1"
"上鏡頭","1"
"⼤功告成","1"
"⼤失所望","0"
"⼩⼼翼翼","1"
"⼩康","1"
"不合","0"
"不妙","0"
"中上","1"
"中獎","1"
"井井有條","1"
"六神無主","0"
"凶狠","0"
"凶惡","0"
"分岔","0"
"弔詭","0"
"⼼不⽢情不願","0"
"⼿癢","0"
"扎實","1"
"火⼤","0"
"火紅","1"
"令⼈髮指","0"
"凹凸不平","0"
"出頭","1"
"功不可沒","1"
"包羅萬象","1"
"半途⽽廢","0"
"叫好","1"
"可圈可點","1"
"四平八穩","1"
"外強中乾","0"
"失火","0"
"失靈","0"
"平凡","1"
"平凡無奇","1"
"正點","1"
"⽢醇","1"
"⽣硬","0"
"⽤⼼","1"
"⽩搭","0"
"丟失","0"
"兇狠","0"
"兇惡","0"
"先聲奪⼈","1"
"光明正⼤","1"
"全⼒以赴","1"
"划不來","0"
"吃香","1"
"各有千秋","1"
"合⽤","1"
"名副其實","1"
"名符其實","1"
"回天乏術","0"
"多不勝數","1"
"好聽","1"
"如火如荼","1"
"尖嘴猴腮","0"
"屹立不搖","1"
"年久失修","0"
"忙碌","1"
"成名","1"
"收斂","1"
"有⼀⼿","1"
"死板","0"
"死板板","0"
"汗流浹背","1"
"汙濁","0"
"灰濛濛","0"
"百思不得其解","0"
"老舊","0"
"耳⽬⼀新","1"
"⾃給⾃⾜","1"
"⾎淋淋","0"
"⾏不通","0"
"吵雜","0"
"呆滯","0"
"告⼀段落","1"
"困惱","0"
"坑坑洞洞","0"
"完封","1"
"技壓群雄","1"
"抓狂","0"
"更勝⼀籌","1"
"沈悶","0"
"沉悶","0"
"沒骨氣","0"
"沙啞","0"
"灼熱","0"
"狂爆","0"
"秀氣","1"
"良莠不⿑","0"
"⾒效","1"
"走火","0"
"⾝歷其境","1"
"邪不勝正","1"
"並駕⿑驅","1"
"乖乖","1"
"事半功倍","1"
"來勢洶洶","1"
"兩全其美","1"
"其貌不揚","0"
"刺耳","0"
"受潮","0"
"周延","1"
"和樂","1"
"奄奄⼀息","0"
"奇貨可居","1"
"始料未及","0"
"紮實","1"
"冷靜下來","1"
"快快活活","1"
"沈迷","0"
"沈默不語","1"
"沉寂","0"
"⽣銹","0"
"⼼⽣畏懼","0"
"平平靜靜","1"
"平平淡淡","1"
"叱責","0"
"可怖","0"
"沒法","0"
"沒法⼦","0"
"沒法兒","0"
"刺耳聲","0"
"柔柔順順","1"
"冒充者","0"
"背叛者","0"
"⾃卑感","0"
"妨礙者","0"
"走好運","1"
"逃掉","0"
"率直地","1"
"羞怯怯","0"
"陰沈","0"
"陰沈沈","0"
"悶悶","0"
"悶著","0"
"欺侮","0"
"詐欺","0"
"欺詐","0"
"減縮","0"
"無能⼒","0"
"沒能⼒","0"
"無理性","0"
"沒理性","0"
"無趣味","0"
"沒趣味","0"
"沒趣","0"
"筋疲⼒盡","0"
"筋疲⼒竭","0"
"結結巴巴","0"
"費解","0"
"不雅觀","0"
"歎息","0"
"歎氣","0"
"熱切於","1"
"熱誠地","1"
"惹⼈厭","0"
"慌慌張張","0"
"煩燥","0"
"違悖","0"
"嘈雜","0"
"嘈雜聲","0"
"吵雜聲","0"
"嘮嘮叨叨","0"
"憐憫⼼","1"
"熱⼼腸","1"
"噪聲","0"
"謙遜地","1"
"還可以","1"
"可信賴","1"
"可信任","1"
"打退","1"
"斥罵","0"
"叱罵","0"
"安靜下來","1"
"死氣沉沉","0"
"死氣沈沈","0"
"埋怨","0"
"討⼈嫌","0"
"顧⼈怨","0"
"惹⼈嫌","0"
"假扮","0"
"做假","0"
"做秀","0"
"得罪⼈","0"
"淒慘","0"
"謊話","0"
"蠢蛋","0"
"蠢⼈","0"
"失業者","0"
"窘況","0"
"潛⼼於","1"
"低沈","1"
"昏沈","0"
"昏昏沈沈","0"
"昏昏沉沉","0"
"嚴重的","0"
"了解","1"
"嚇到","0"
"介意","0"
"⾃危","0"
"密告","0"
"無病呻吟","0"
"耍脾氣","0"
"氣呼呼","0"
"污物","0"
"偽君⼦","0"
"亂丟","0"
"狗嘴裡吐不出象牙","0"
"狗嘴吐不出象牙","0"
"混⽇⼦","0"
"不置可否","0"
"出氣","0"
"有⼼⼈","0"
"凌遲","0"
"內訌","0"
"扭歪","0"
"望塵莫及","0"
"搞亂","0"
"畜⽣","0"
"袖⼿旁觀","0"
"猛吃","0"
"悻悻然","0"
"無可奈何","0"
"⾃掃⾨前雪","0"
"圍城","0"
"離鄉背井","0"
"有⼝無⼼","0"
"錯覺","1"
"呆板","0"
"發昏","0"
"故態復萌","0"
"尋仇","0"
"不屈服","1"
"欺負弱⼩","0"
"從中作梗","0"
"脫軌","0"
"困窮","0"
"枯槁","0"
"急忙","0"
"急急忙忙","0"
"無邊無際","0"
"打⾼空","0"
"陷住","0"
"豬哥","0"
"跛⾜","0"
"慘烈","0"
"窮途末路","0"
"顛倒是非","0"
"暈眩","0"
"臭臉","0"
"賣國","0"
"善辯","1"
"誤入歧途","0"
"不配","0"
"缺⼝","0"
"火冒三丈","0"
"吵死","0"
"整頓","0"
"犯賤","0"
"凹下","0"
"阻攔","0"
"醉漢","0"
"跛⼦","0"
"不合群","0"
"楞住","1"
"不平衡","0"
"醜惡","0"
"憤世嫉俗","0"
"惴惴不安","0"
"變酸","0"
"盡⼒⽽為","1"
"蠻幹","0"
"不羈","1"
"危險期","0"
"不孝","0"
"省⼒","1"
"不可信","0"
"閃⼈","1"
"包⼭包海","1"
"互撞","0"
"餓昏","0"
"愁容滿⾯","0"
"掉隊","0"
"卑下","0"
"迂迴","0"
"不可名狀","1"
"功敗垂成","0"
"破銅爛鐵","0"
"⼼煩","0"
"滲漏","0"
"⼼急如焚","0"
"弄混","0"
"弄糟","0"
"弄碎","0"
"不如⼈意","0"
"要死","0"
"挑撥是非","0"
"天打雷霹","0"
"淒然","0"
"欺瞞","0"
"匪類","0"
"打罵","0"
"愚弄","0"
"孤僻","0"
"污辱","0"
"詭辯","0"
"不可收拾","0"
"不聽話","0"
"⿊店","0"
"賣國賊","0"
"卑微","0"
"過不去","0"
"潑婦","0"
"爛仗","0"
"苦差事","0"
"悶住","0"
"漠然","0"
"嗤之以⿐","0"
"當頭棒喝","1"
"匆忙","0"
"匆匆忙忙","0"
"引頸企盼","1"
"強詞奪理","0"
"不名譽","0"
"上鉤","0"
"刪減","0"
"打顫","0"
"慘絕⼈寰","0"
"炮擊","0"
"唱反調","0"
"猛踢","0"
"欺凌","0"
"沾染","0"
"告密","0"
"漠不關⼼","0"
"漏球","0"
"太閒","1"
"作弄","0"
"流離失所","0"
"罵⼈","0"
"受驚","0"
"聲名狼藉","0"
"醜男","0"
"醜女","0"
"老謀深算","1"
"鬧彆扭","0"
"催吐","0"
"食古不化","0"
"耐震","1"
"狂妄","0"
"喧嚷","0"
"更壞","0"
"污點","0"
"瞎眼","0"
"訓斥","0"
"死狗","0"
"⼩⼼眼","0"
"消瘦","1"
"打抱不平","1"
"⾃吹⾃擂","0"
"阿諛","0"
"傷風敗俗","0"
"喧囂","0"
"喧囂聲","0"
"害⼈精","0"
"劫掠","0"
"流放","0"
"靠不住","0"
"有種","1"
"壓破","0"
"輕佻","0"
"⼼寒","0"
"放寬","1"
"仿冒","0"
"好久","0"
"不平等","0"
"嚇呆","0"
"低⽔平","0"
"暗地","0"
"瘟疫","0"
"好⾾","0"
"帶衰","0"
"不甩","0"
"隱退","1"
"有仇","0"
"虧空","0"
"冷嘲熱諷","0"
"惱怒","0"
"無賴","0"
"加收","0"
"濫打","0"
"意志消沈","0"
"意志消沉","0"
"妄動","0"
"濃烈","1"
"貶低","0"
"弄死","0"
"冒昧","1"
"婊⼦","0"
"勞役","0"
"逃之夭夭","0"
"有礙觀瞻","0"
"裝死","0"
"做錯","0"
"做錯事","0"
"杯盤狼藉","0"
"傷痛欲絕","0"
"抖顫","0"
"把關","1"
"喝倒彩","0"
"存⼼","0"
"悲涼","0"
"⼝臭","0"
"激憤","0"
"詭計多端","0"
"奸詐","0"
"如釋重負","1"
"濫葬","0"
"可恨","0"
"亂哄哄","0"
"⼤⾔不慚","0"
"賣弄","0"
"滾蛋","0"
"⼈渣","0"
"⿁⼦","0"
"砍頭","0"
"不好過","0"
"驚叫","0"
"狂愛","1"
"貶黜","0"
"打屁股","0"
"鬧⿁","0"
"烙印","0"
"盲點","1"
"亂扯","0"
"孤寂","0"
"乞求","0"
"找碴","0"
"找⿇煩","0"
"以偏概全","0"
"打偏","0"
"傻瓜","0"
"上癮","0"
"污漬","0"
"禍害","0"
"避諱","0"
"有出息","1"
"鬆落","0"
"嗜殺成性","0"
"拍⾺屁","0"
"尖叫","0"
"嚎啕⼤哭","0"
"連累","0"
"罵髒話","0"
"吵嘴","0"
"撕破","0"
"受限","0"
"要飯","0"
"凶兆","0"
"驚醒","0"
"砍斷","0"
"猛攻","0"
"不可諱⾔","1"
"唯恐不及","0"
"狠毒","0"
"困頓","0"
"耍賤","0"
"怕死","0"
"豬頭","0"
"強壓","0"
"妒恨","0"
"地獄","0"
"減損","0"
"批⾾","0"
"空想","0"
"搪塞","0"
"牽腸掛肚","1"
"重壓","0"
"惆悵","0"
"以德報怨","1"
"騙⼈","0"
"遜位","0"
"難為情","0"
"焦燥","0"
"焦躁","0"
"繚亂","0"
"申斥","0"
"專權","0"
"玷污","0"
"⼲⼽","0"
"禁錮","0"
"殲滅","0"
"落寞","0"
"毒殺","0"
"摔倒","0"
"跌倒","0"
"摔跤","0"
"摔⼀跤","0"
"跌跤","0"
"跌⼀跤","0"
"搞屁","0"
"嫉妒","0"
"適得其反","0"
"失魂落魄","0"
"打爛","0"
"槓上","0"
"倒下","0"
"沈溺","0"
"沉溺","0"
"懇摯","1"
"坐立不安","0"
"諸事順⼼","1"
"安安穩穩","1"
"淺薄","0"
"失⾝","0"
"琳瑯滿⽬","1"
"叛國","0"
"惡有惡報","0"
"⾃由⼼證","1"
"醉醺醺","0"
"盡善盡美","1"
"譏諷","0"
"窮凶極惡","0"
"夭折","0"
"鑽⽜⾓尖","0"
"瘋⼈","0"
"瘋⼦","0"
"推托","0"
"推卻","0"
"何苦","0"
"何苦來哉","0"
"銷聲匿跡","0"
"不⽅便","1"
"失和","0"
"卒仔","0"
"俗辣","0"
"善待","1"
"胡作非為","0"
"困局","0"
"冷⾎","0"
"態度不好","0"
"稀疏","0"
"貪⽣怕死","0"
"炮轟","0"
"時有時無","1"
"亂砍","0"
"走著瞧","0"
"以牙還牙","0"
"驚呼","1"
"漏損","0"
"乞討","0"
"討厭⿁","0"
"膽⼤妄為","0"
"髒話","0"
"超低⾊散","1"
"花癡","0"
"草菅⼈命","0"
"揮霍","0"
"癡⼈說夢","0"
"不對勁","0"
"害臊","0"
"洩恨","0"
"折斷","0"
"陣痛","0"
"硬逼","0"
"慘死","0"
"鬧翻","0"
"凋謝","0"
"陷害","0"
"啼哭","0"
"砍掉","0"
"潸然淚下","0"
"責罵","0"
"不得⼒","0"
"乞憐","0"
"無效率","0"
"尖叫聲","1"
"患得患失","0"
"不近⼈情","0"
"謬論","0"
"好屌","1"
"忍氣吞聲","0"
"廢話","0"
"夭壽","0"
"化膿","0"
"鉗制","0"
"服喪","0"
"禍國殃⺠","0"
"傷感情","0"
"利⽤⼈","0"
"狂亂","0"
"笑柄","0"
"通敵","0"
"憤憤不平","0"
"砍擊","0"
"毒蛇","0"
"機八","0"
"疙瘩","0"
"喧嘩","0"
"六親不認","0"
"萎靡","0"
"空轉","0"
"乖張","0"
"批駁","0"
"懦弱","0"
"共體時艱","1"
"扭傷","0"
"不省⼈事","0"
"⼈事不省","0"
"免談","0"
"甜滋滋","1"
"胡鬧","0"
"短缺","0"
"屁⽤","0"
"不可理喻","0"
"貪財","0"
"荒蕪","0"
"惡棍","0"
"⾁腳","0"
"頹喪","0"
"撕破臉","0"
"喋喋不休","0"
"憤恨","0"
"嚇出冷汗","0"
"嚇出⼀⾝冷汗","0"
"難以置信","1"
"⿊⼿","0"
"冤孽","0"
"狡辯","0"
"⼀團糟","0"
"動怒","0"
"曠課","0"
"誤⼈⼦弟","0"
"嗆聲","0"
"⼩⼈","0"
"拆毀","0"
"疝氣","1"
"假仁假義","0"
"畏怯","0"
"老娘","0"
"厚顏無恥","0"
"匪夷所思","0"
"遷就","0"
"冷眼","0"
"冷眼旁觀","0"
"失約","0"
"戰慄","0"
"亂蓋","0"
"匪諜","0"
"暴戾","0"
"⾃誇","0"
"爛⾞","0"
"無動於衷","1"
"吹⽜","0"
"吹⽜⽪","0"
"死寂","0"
"惡果","0"
"放逐","0"
"嗜殺","0"
"古板","0"
"扯碎","0"
"嚇⼀跳","1"
"恥笑","0"
"笨豬","0"
"狂熱者","1"
"狂熱分⼦","1"
"悲歎","0"
"亂罵","0"
"不成功","0"
"髒污","0"
"不得要領","0"
"功虧⼀簣","0"
"禍根","0"
"⾃命清⾼","0"
"卡住","0"
"假正經","0"
"吵鬧","0"
"吵吵鬧鬧","0"
"⾃怨⾃艾","0"
"⾃憐⾃艾","0"
"⼤怒","0"
"模稜兩可","1"
"冷峻","0"
"假惺惺","0"
"失神","0"
"閃神","0"
"低聲下氣","0"
"暴虐","0"
"低劣","0"
"重打","0"
"鼾聲","1"
"逼走","0"
"離間","0"
"有得瞧","0"
"噱頭","0"
"狗眼看⼈低","0"
"送葬","0"
"荒誕","0"
"回扣","1"
"滾回去","0"
"⽋錢","0"
"閒蕩","0"
"濫挖","0"
"濫砍","0"
"甜膩","1"
"作廢","0"
"冷冷","0"
"盜賊","0"
"呆笨","0"
"混濁","0"
"劣根性","0"
"絞死","0"
"倚老賣老","0"
"挨打","0"
"蠶食","0"
"倒坍","0"
"不公正","0"
"慘事","0"
"壓搾","0"
"風涼話","0"
"獨斷獨⾏","0"
"摸不清","0"
"慚不慚愧","0"
"⼀箭之仇","0"
"⾃閉","0"
"作奸犯科","0"
"橫⾁","0"
"傻事","0"
"失戀","0"
"⼤哭","0"
"發脾氣","0"
"⼼死","0"
"斑點","1"
"不厚道","0"
"含沙射影","0"
"荒涼","0"
"狂罵","0"
"腦滿腸肥","0"
"⼝渴","1"
"割斷","0"
"挑逗","0"
"死光","0"
"死光光","0"
"不純","0"
"呆呆","0"
"曬焦","0"
"焦躁不安","0"
"漂泊","1"
"⽔性楊花","0"
"恨你","0"
"疤痕","0"
"守財奴","0"
"死⽪賴臉","0"
"惹上","0"
"惹到","0"
"由不得","0"
"胡亂","0"
"⽩吃⽩喝","0"
"混戰","0"
"刺骨","0"
"野性","0"
"兇猛","0"
"凶猛","0"
"⾚貧","0"
"⾚貧者","0"
"⼤惑不解","0"
"溺死","0"
"⼜氣⼜惱","0"
"威懾","0"
"礙眼","0"
"瘋癲","0"
"閒閒","1"
"設伏","0"
"作孽","0"
"正經八百","1"
"⼀氣之下","0"
"懶⼈","0"
"怠惰","0"
"咕噥","1"
"耐看","1"
"食⾔⽽肥","0"
"濫捕","0"
"裝模做樣","0"
"變節","0"
"著急","0"
"誤⼈","0"
"不倫不類","0"
"菜⿃","0"
"鄙棄","0"
"驚慌失措","0"
"倉皇失措","0"
"放蕩","0"
"⾁⿇","1"
"便⺠","1"
"招搖撞騙","0"
"經不起","0"
"⼼狠⼿辣","0"
"代罪羔⽺","0"
"踉蹌","0"
"淚如雨下","0"
"沒⽤","0"
"投敵","0"
"過河拆橋","0"
"由愛⽣恨","0"
"滾遠點","0"
"逞強","1"
"皺紋","1"
"⿊洞","1"
"臭美","0"
"私運","0"
"鬧僵","0"
"鬧劇","0"
"蹩","0"
"不穩固","0"
"唯利是圖","0"
"造福","1"
"愁眉苦臉","0"
"刺探","0"
"敗退","0"
"沒道理","0"
"扭打","0"
"裂開","0"
"忿怒","0"
"污濁","0"
"卑屈","0"
"醜事","0"
"氣昏","0"
"得意揚揚","1"
"冒失","0"
"冒冒失失","0"
"貧瘠","0"
"奴性","0"
"老氣橫秋","0"
"惹怒","0"
"⽬中無⼈","0"
"不均","0"
"尖酸刻薄","0"
"病魔","0"
"碰壁","0"
"弄亂","0"
"偏遠","0"
"狂傲","0"
"拖垮","0"
"破掉","0"
"頑抗","0"
"貶損","0"
"⾃以為是","0"
"滿腹牢騷","0"
"不關⼼","0"
"狂放","0"
"除掉","0"
"⼤傷","0"
"死纏爛打","0"
"⼼驚⾁跳","0"
"嘔氣","0"
"暗淡","0"
"黯淡","0"
"爛爆","0"
"舊病","0"
"舊疾","0"
"掩蔽","0"
"狗男女","0"
"糟透","0"
"糟透了","0"
"窮光蛋","0"
"不⽢⼼","0"
"進退維⾕","0"
"不正確","0"
"⼤材⼩⽤","0"
"洋⿁⼦","0"
"隕落","0"
"垂涎","1"
"虛張聲勢","0"
"罪孽深重","0"
"亡命","0"
"凶險","0"
"愧疚","0"
"⿁叫","0"
"報應","0"
"深仇⼤恨","0"
"省時","1"
"蠢事","0"
"驚覺","0"
"煞風景","0"
"豬⺟","0"
"撐住","1"
"怒氣沖沖","0"
"認命","0"
"畏縮","0"
"陰慘","0"
"減免","1"
"養不起","0"
"不修邊幅","0"
"憎惡","0"
"趁火打劫","0"
"動粗","0"
"拳打腳踢","0"
"撕碎","0"
"好戰者","0"
"好戰份⼦","0"
"占⽤","0"
"浪蕩","0"
"亂說","0"
"亂說話","0"
"亂講","0"
"亂講話","0"
"憋死","0"
"臨死","0"
"⼲政","0"
"乘勝追擊","1"
"陷落","0"
"慢吞吞","0"
"⾊慾","0"
"鬧⾰命","0"
"絆倒","1"
"吊兒郎當","0"
"鬱結","0"
"⾒死不救","0"
"退避","0"
"惱火","0"
"不務正業","0"
"氣死","0"
"氣死⼈","0"
"野蠻⼈","0"
"顛沛流離","0"
"⼩家⼦氣","0"
"增設","1"
"踹開","0"
"憎恨","0"
"猛砍","0"
"毒⼿","0"
"始作俑者","0"
"不恥","0"
"分崩離析","0"
"耐穿","1"
"氣沖沖","0"
"歡躍","1"
"認輸","0"
"變弱","0"
"犯愁","0"
"世故","0"
"不快","0"
"潑冷⽔","0"
"愛莫能助","0"
"無名⼩卒","0"
"酒⿁","0"
"不擇⼿段","0"
"怒髮衝冠","0"
"不信","0"
"不懼","1"
"痛恨","0"
"狂野","1"
"結仇","0"
"煩死","0"
"剽竊","0"
"悲痛欲絕","0"
"做作","0"
"⽋扁","0"
"死要⾯⼦","0"
"淒涼","0"
"不規則","1"
"無語","0"
"揭穿","1"
"私通","0"
"勒死","0"
"泛濫","0"
"狡滑","0"
"狡猾","0"
"恣意妄為","0"
"挺⽽走險","0"
"不合宜","0"
"拒付","0"
"乾咳","1"
"紙老虎","0"
"智巧","1"
"痛打","0"
"驚惶失措","0"
"閒混","0"
"⼈⼈⾃危","0"
"胡謅","0"
"胡說","0"
"胡說八道","0"
"善罷⼲休","0"
"逞威","0"
"懶","1"
"懶得","1"
"掉淚","0"
"失焦","0"
"死⿁","0"
"不必要","1"
"下毒","0"
"打碎","0"
"害蟲","0"
"羞澀","1"
"男盜女娼","0"
"⼼虛","0"
"猛推","1"
"愛⾯⼦","0"
"不懷好意","0"
"憂懼","0"
"餓死","0"
"輸光","0"
"臭屁","0"
"⼤嚷","0"
"鬧⼤","0"
"德政","1"
"眼花","0"
"含情脈脈","1"
"轟動⼀時","1"
"有病","0"
"搞⿁","0"
"偽善","0"
"粗劣","0"
"違禁品","0"
"反壟斷","1"
"甩不掉","1"
"老態龍鍾","0"
"強奪","0"
"沒完沒了","0"
"交媾","0"
"亡⽺補牢","1"
"邋遢","0"
"扯破","0"
"杜絕","1"
"反胃","0"
"乖僻","1"
"地牢","0"
"奴役","0"
"⾃慰","1"
"正常化","1"
"不恰當","0"
"圈套","0"
"遼闊","1"
"嫻雅","1"
"挾怨報復","0"
"碰傷","0"
"潦倒","0"
"凌辱","0"
"含恨","0"
"⼼有餘悸","0"
"謀反","0"
"世儈","0"
"愚鈍","0"
"福⾳","1"
"胡搞","0"
"遮蔽","1"
"無價值","1"
"沒價值","1"
"離群","1"
"反悔","0"
"吵","0"
"吵到","0"
"不知","1"
"猛撞","0"
"性急","0"
"僵痛","0"
"以訛傳訛","0"
"擅離職守","0"
"整死","0"
"叫囂","0"
"斷掉","0"
"醜八怪","0"
"援交","0"
"虛脫","0"
"搞政變","0"
"惡勢⼒","0"
"好⾃為之","0"
"不學無術","0"
"愁苦","0"
"喪親","0"
"眩光","0"
"半死","0"
"兩光","0"
"左右為難","0"
"窩囊","0"
"不忠","0"
"打亂","0"
"女巫","0"
"⼤驚⼩怪","1"
"挑撥離間","0"
"⼤鬧","0"
"嫌惡","0"
"誤傳","0"
"吵鬧聲","0"
"短淺","0"
"搖尾乞憐","0"
"陰險","0"
"仗著","0"
"吹捧","0"
"健忘","1"
"混球","0"
"忿恨","0"
"清涼","1"
"屈辱","0"
"亂吼","0"
"惹⽑","0"
"死不瞑⽬","0"
"耍狠","0"
"誤入","0"
"痛哭","0"
"慟哭","0"
"殘害","0"
"爭⾾","0"
"忌諱","0"
"虛幻","1"
"⼤罵","0"
"逆⾏倒施","0"
"皺眉","0"
"皺眉頭","0"
"不適當","0"
"豬狗不如","0"
"苦役","0"
"慌忙","0"
"胖","0"
"抓傷","0"
"逼問","0"
"蝕壞","0"
"忍痛","0"
"昏昏欲睡","0"
"微不⾜道","1"
"玩世不恭","0"
"落荒⽽逃","0"
"折舊","0"
"哄誘","0"
"橫⾏霸道","0"
"令⼈驚羨","1"
"吹噓","0"
"五味雜陳","0"
"砰然","1"
"雜事","1"
"矯揉造作","0"
"攙假","0"
"沈現","0"
"沉陷","0"
"不近情理","0"
"殘疾","0"
"割破","0"
"割裂","0"
"頑⽪","1"
"危困","0"
"孩⼦氣","0"
"⾔不及義","0"
"⽔汪汪","1"
"透亮","1"
"不油膩","1"
"不粘不糊","1"
"不暈染","1"
"不暗沈","1"
"不暗沉","1"
"不黯沉","1"
"不黏","1"
"不黏膩","1"
"⽔嫩緊緻","1"
"⽩皙","1"
"好沖淨","1"
"好推勻","1"
"好塗","1"
"好聞","1"
"死⽩","0"
"妖艷","1"
"妖豔","1"
"明亮動⼈","1"
"油亮","1"
"油油亮亮","1"
"油油滑滑","0"
"油膩","0"
"油油膩膩","0"
"肥厚","0"
"亮晶晶","1"
"亮麗","1"
"俏麗","1"
"柔亮","1"
"柔柔亮亮","1"
"柔弱","1"
"柔嫩","1"
"柔柔嫩嫩","1"
"粉嫩","1"
"粉粉嫩嫩","1"
"純凈","1"
"素雅","1"
"乾硬","0"
"乾裂","0"
"乾癟","0"
"乾癢","0"
"堅挺","1"
"淡雅","1"
"淨⽩滑嫩","1"
"清純","1"
"清甜","1"
"細致","1"
"軟嫩","1"
"晶瑩剔透","1"
"無眉怪","0"
"舒爽","1"
"嗆⿐","0"
"圓滑","1"
"圓滾滾","1"
"圓潤","1"
"塗不勻","0"
"暗沈","0"
"暗沉","0"
"黯沉","0"
"暗變亮","1"
"滑順好塗","1"
"滑嫩","1"
"滑膩","1"
"群芳爭艷","1"
"嫩滑","1"
"蒼⽩","0"
"輕盈","1"
"嬌柔","1"
"嬌貴","1"
"嬌嫩","1"
"皺裂","0"
"濃豔","1"
"鮮嫩","1"
"黏悶","0"
"黏膩","0"
"艷麗","1"
"豔麗","1"
"苗條","1"
"修長","1"
